date,tavg,tmin,tmax,prcp,snow,wdir,wspd,wpgt,pres,tsun
2014-01-01,6.8,1.3,14.7,0.0,,273.0,19.3,,,
2014-01-02,7.5,,14.4,,,,,,,
2014-01-03,10.4,,,0.0,,,,,,
2014-01-04,10.6,3.5,18.8,0.0,,197.0,9.5,,,
2014-01-05,11.7,8.9,20.0,0.0,,,9.2,,,
2014-01-06,10.0,,19.6,0.0,,,,,,
2014-01-07,9.7,4.3,18.2,0.0,,,13.2,,,
2014-01-08,9.5,,17.5,0.0,,,,,,
2014-01-09,9.9,7.9,17.1,0.0,,213.0,10.7,,,
2014-01-10,10.7,6.8,17.6,0.0,,,8.3,,,
2014-01-11,12.0,7.8,18.8,0.0,,,7.4,,,
2014-01-12,12.1,10.1,18.3,0.0,,,,,,
2014-01-13,11.0,4.8,17.8,0.0,,,,,,
2014-01-14,11.2,,15.4,0.0,,,,,,
2014-01-15,10.5,5.8,17.3,0.8,,328.0,17.2,,,
2014-01-16,9.3,2.9,17.4,0.0,,,9.9,,,
2014-01-17,9.9,3.8,17.8,,,,8.4,,,
2014-01-18,14.9,,,0.0,,,,,,
2014-01-19,15.6,10.8,17.8,0.0,,225.0,32.3,,,
2014-01-20,12.6,8.8,15.8,0.0,,242.0,38.9,,,
2014-01-21,9.8,,,0.0,,,,,,
2014-01-22,7.7,0.5,16.1,0.0,,,,,,
2014-01-23,8.9,1.7,17.0,0.0,,,,,,
2014-01-24,11.1,,18.3,0.0,,,,,,
2014-01-25,8.9,5.8,14.8,0.0,,290.0,23.4,,,
2014-01-26,11.7,7.4,21.2,0.0,,296.0,21.6,,,
2014-01-27,13.1,6.9,18.4,0.0,,,14.8,,,
2014-01-28,11.7,8.8,15.8,0.0,,256.0,23.5,,,
2014-01-29,10.4,5.2,17.8,0.0,,211.0,11.8,,,
2014-01-30,17.0,8.5,23.0,0.0,,,,,,
2014-01-31,12.6,12.5,14.1,0.3,,,15.1,,,
2014-02-01,10.2,8.8,12.8,3.3,,344.0,18.5,,,
2014-02-02,10.7,6.5,17.8,0.0,,296.0,27.8,,,
2014-02-03,9.9,2.8,15.8,0.0,,193.0,12.7,,,
2014-02-04,11.1,7.4,17.0,0.0,,210.0,15.2,,,
2014-02-05,9.3,2.8,16.0,0.8,,,,,,
2014-02-06,13.5,6.8,21.8,0.0,,263.0,11.9,,,
2014-02-07,15.5,5.9,,0.0,,,,,,
2014-02-08,13.1,10.8,19.1,0.0,,66.0,16.4,,,
2014-02-09,12.6,9.8,20.9,0.0,,230.0,14.3,,,
2014-02-10,16.1,9.7,24.2,0.0,,,12.4,,,
2014-02-11,10.2,7.8,13.8,0.5,,252.0,27.3,,,
2014-02-12,10.2,3.4,18.6,1.0,,278.0,18.1,,,
2014-02-13,10.8,7.3,18.8,0.0,,,8.5,,,
2014-02-14,15.6,5.5,22.2,0.0,,,,,,
2014-02-15,17.1,7.5,25.2,0.0,,231.0,10.5,,,
2014-02-16,15.6,6.7,27.6,0.0,,171.0,9.4,,,
2014-02-17,16.4,6.8,27.8,0.0,,153.0,17.5,,,
2014-02-18,19.2,11.8,25.8,0.0,,183.0,16.3,,,
2014-02-19,15.8,11.8,20.8,0.0,,40.0,18.0,,,
2014-02-20,11.4,11.6,16.5,0.0,,22.0,41.2,,,
2014-02-21,11.6,4.7,20.0,0.0,,273.0,21.5,,,
2014-02-22,12.4,5.8,20.8,,,,,,,
2014-02-23,11.0,,17.9,3.3,,,,,,
2014-02-24,10.7,3.6,18.5,0.0,,164.0,11.9,,,
2014-02-25,11.1,5.3,20.2,0.0,,,9.3,,,
2014-02-26,11.1,,19.4,,,,,,,
2014-02-27,10.9,7.8,14.8,5.6,,41.0,13.7,,,
2014-02-28,9.9,7.4,18.3,2.0,,33.0,21.6,,,
2014-03-01,11.6,8.4,19.1,0.0,,,,,,
2014-03-02,14.4,10.8,19.8,0.5,,273.0,24.1,,,
2014-03-03,14.4,6.8,19.8,0.0,,258.0,22.3,,,
2014-03-04,11.7,6.8,16.8,0.0,,270.0,25.9,,,
2014-03-05,11.4,5.8,16.8,0.8,,260.0,20.4,,,
2014-03-06,10.5,7.6,18.5,0.0,,,,,,
2014-03-07,10.5,4.8,15.8,0.0,,,11.6,,,
2014-03-08,11.2,8.5,20.0,0.0,,,,,,
2014-03-09,10.9,9.7,18.2,,,,16.1,,,
2014-03-10,10.4,6.4,19.3,0.0,,,16.5,,,
2014-03-11,11.0,8.8,19.3,,,,10.9,,,
2014-03-12,11.9,7.8,15.8,0.0,,79.0,30.5,,,
2014-03-13,12.9,11.9,16.4,6.6,,103.0,41.1,,,
2014-03-14,13.3,11.1,18.9,6.4,,200.0,12.8,,,
2014-03-15,12.2,8.8,16.8,10.4,,,13.8,,,
2014-03-16,13.5,9.8,17.8,0.0,,353.0,13.3,,,
2014-03-17,14.0,7.8,20.8,0.0,,174.0,10.7,,,
2014-03-18,15.3,8.8,22.8,0.0,,162.0,7.5,,,
2014-03-19,16.2,11.4,25.1,0.0,,146.0,13.2,,,
2014-03-20,15.6,,24.6,0.0,,,,,,
2014-03-21,15.5,13.8,24.9,0.0,,,16.4,,,
2014-03-22,15.6,12.8,18.8,,,94.0,23.9,,,
2014-03-23,16.8,12.8,21.8,,,,10.6,,,
2014-03-24,14.9,12.3,22.4,0.0,,54.0,24.2,,,
2014-03-25,14.9,11.2,24.3,0.0,,250.0,18.1,,,
2014-03-26,16.6,,,0.0,,,,,,
2014-03-27,13.1,6.1,20.2,0.0,,,,,,
2014-03-28,13.6,5.8,17.8,0.0,,66.0,15.7,,,
2014-03-29,14.2,8.7,23.2,0.0,,,,,,
2014-03-30,14.6,12.8,17.8,0.0,,75.0,29.9,,,
2014-03-31,12.8,10.8,15.8,1.3,,25.0,13.9,,,
2014-04-01,14.6,7.8,21.8,0.0,,,9.3,,,
2014-04-02,16.9,12.8,26.9,,,157.0,15.8,,,
2014-04-03,23.4,11.8,32.8,0.0,,189.0,29.1,,,
2014-04-04,17.9,11.9,22.9,,,,,,,
2014-04-05,18.2,11.8,25.8,0.0,,,,,,
2014-04-06,16.7,11.9,23.9,0.0,,352.0,19.7,,,
2014-04-07,16.1,10.3,25.3,,,,,,,
2014-04-08,16.4,8.8,22.8,,,,10.0,,,
2014-04-09,22.2,15.7,30.0,0.0,,199.0,9.4,,,
2014-04-10,17.4,11.8,22.8,0.0,,,16.9,,,
2014-04-11,17.0,10.8,23.8,0.0,,78.0,17.2,,,
2014-04-12,18.0,15.3,30.2,0.0,,,,,,
2014-04-13,18.4,14.8,24.8,0.0,,,,,,
2014-04-14,16.3,14.6,25.3,0.0,,78.0,21.0,,,
2014-04-15,18.2,11.2,26.5,0.0,,,14.2,,,
2014-04-16,16.9,,28.5,0.0,,,,,,
2014-04-17,14.1,10.5,28.3,0.0,,,14.7,,,
2014-04-18,16.6,9.6,25.9,0.0,,164.0,10.4,,,
2014-04-19,20.3,8.6,30.1,0.0,,247.0,15.8,,,
2014-04-20,27.5,19.1,36.7,0.0,,,16.0,,,
2014-04-21,19.9,18.3,28.0,0.0,,70.0,18.3,,,
2014-04-22,17.7,15.8,20.8,0.0,,67.0,26.1,,,
2014-04-23,20.0,13.8,28.4,2.0,,,,,,
2014-04-24,19.2,15.8,29.5,0.0,,,9.3,,,
2014-04-25,23.1,12.9,30.9,0.0,,,,,,
2014-04-26,17.2,15.8,23.4,0.0,,337.0,16.6,,,
2014-04-27,20.4,,29.6,0.0,,,,,,
2014-04-28,18.0,14.9,29.0,0.0,,79.0,13.6,,,
2014-04-29,20.0,12.8,32.1,0.0,,,10.3,,,
2014-04-30,21.4,14.1,33.2,0.0,,,,,,
2014-05-01,19.2,17.8,21.8,0.0,,58.0,26.0,,,
2014-05-02,18.9,15.6,29.8,0.0,,,15.8,,,
2014-05-03,17.9,15.2,26.7,1.0,,36.0,13.9,,,
2014-05-04,17.4,14.7,26.8,0.0,,334.0,14.6,,,
2014-05-05,18.1,11.2,27.6,0.0,,73.0,11.3,,,
2014-05-06,18.2,13.6,30.0,0.0,,,,,,
2014-05-07,22.1,13.8,32.1,0.0,,154.0,15.5,,,
2014-05-08,20.1,17.4,34.2,0.0,,,,,,
2014-05-09,19.5,,32.2,0.0,,,,,,
2014-05-10,21.4,15.0,25.8,0.0,,,8.7,,,
2014-05-11,23.3,15.2,33.6,0.0,,,13.7,,,
2014-05-12,25.9,19.3,25.8,0.0,,113.0,16.5,,,
2014-05-13,27.5,18.7,40.2,0.0,,,15.6,,,
2014-05-14,20.0,,28.7,0.0,,,,,,
2014-05-15,18.9,13.2,,0.0,,,,,,
2014-05-16,17.1,14.3,28.2,0.0,,74.0,15.7,,,
2014-05-17,18.7,13.8,24.8,0.0,,89.0,28.9,,,
2014-05-18,18.7,16.8,21.8,0.0,,64.0,25.1,,,
2014-05-19,21.8,17.5,30.9,0.0,,,,,,
2014-05-20,21.6,19.2,23.8,0.0,,88.0,20.2,,,
2014-05-21,23.1,20.6,35.9,0.0,,,,,,
2014-05-22,24.0,19.9,37.4,0.0,,,,,,
2014-05-23,20.9,,28.2,0.0,,,,,,
2014-05-24,20.2,18.5,30.5,0.0,,,,,,
2014-05-25,21.9,17.8,35.8,0.0,,28.0,22.2,,,
2014-05-26,21.1,19.7,33.3,0.0,,80.0,19.9,,,
2014-05-27,19.8,18.3,34.8,0.0,,,,,,
2014-05-28,20.2,,31.3,0.0,,,,,,
2014-05-29,20.5,16.3,29.0,3.8,,,,,,
2014-05-30,21.9,17.8,26.8,0.0,,93.0,16.0,,,
2014-05-31,22.6,18.8,32.9,0.0,,118.0,18.7,,,
2014-06-01,21.4,19.9,30.9,0.0,,47.0,36.7,,,
2014-06-02,20.0,18.2,29.9,0.0,,58.0,35.6,,,
2014-06-03,20.3,,28.4,7.1,,,,,,
2014-06-04,21.2,14.7,30.0,0.0,,,,,,
2014-06-05,24.0,18.8,35.0,0.0,,199.0,12.7,,,
2014-06-06,27.6,18.6,,0.0,,,,,,
2014-06-07,26.4,22.6,39.1,0.0,,,,,,
2014-06-08,24.7,24.6,37.6,0.0,,,16.1,,,
2014-06-09,24.2,19.5,35.9,0.0,,,,,,
2014-06-10,22.7,19.5,34.0,0.0,,59.0,13.8,,,
2014-06-11,22.7,19.8,34.1,0.0,,,,,,
2014-06-12,23.2,19.9,,0.0,,,,,,
2014-06-13,24.1,,,0.0,,,,,,
2014-06-14,26.5,19.5,35.4,0.0,,,8.1,,,
2014-06-15,28.2,20.8,36.5,0.0,,142.0,15.4,,,
2014-06-16,25.0,22.6,34.1,0.0,,45.0,25.3,,,
2014-06-17,22.4,22.4,33.3,0.0,,,,,,
2014-06-18,22.9,19.8,35.1,0.0,,,16.4,,,
2014-06-19,23.0,20.9,37.3,0.0,,,11.9,,,
2014-06-20,23.1,21.8,38.6,0.0,,94.0,18.9,,,
2014-06-21,23.6,19.8,27.8,0.0,,,,,,
2014-06-22,23.7,18.8,27.8,0.0,,,,,,
2014-06-23,25.1,18.8,31.8,,,,,,,
2014-06-24,27.9,22.7,42.8,0.0,,,,,,
2014-06-25,27.6,,40.1,0.0,,,,,,
2014-06-26,24.1,22.8,37.6,0.0,,43.0,30.9,,,
2014-06-27,23.8,,36.2,0.0,,,,,,
2014-06-28,26.8,22.8,37.0,0.0,,250.0,13.2,,,
2014-06-29,30.3,25.7,41.1,0.0,,164.0,15.6,,,
2014-06-30,25.6,23.8,36.1,0.0,,54.0,31.9,,,
2014-07-01,23.4,21.3,35.4,0.0,,70.0,21.8,,,
2014-07-02,24.2,16.8,30.8,0.0,,66.0,15.3,,,
2014-07-03,25.6,20.8,31.8,0.0,,53.0,19.5,,,
2014-07-04,27.9,23.0,44.1,0.0,,,14.3,,,
2014-07-05,25.5,25.2,41.4,0.0,,,,,,
2014-07-06,25.8,23.8,41.4,0.0,,68.0,17.7,,,
2014-07-07,28.5,26.4,44.4,0.0,,100.0,13.2,,,
2014-07-08,26.9,26.5,41.1,0.0,,81.0,18.1,,,
2014-07-09,25.1,22.9,37.5,0.0,,64.0,20.8,,,
2014-07-10,24.1,21.9,35.4,0.0,,,,,,
2014-07-11,24.9,21.6,34.6,0.0,,,,,,
2014-07-12,24.1,,,0.0,,,,,,
2014-07-13,24.9,23.4,38.2,0.0,,57.0,17.1,,,
2014-07-14,25.4,21.9,40.7,0.0,,69.0,17.5,,,
2014-07-15,25.9,23.6,38.0,0.0,,,15.1,,,
2014-07-16,25.6,22.9,36.7,,,51.0,13.7,,,
2014-07-17,26.0,21.8,37.4,0.0,,,,,,
2014-07-18,26.1,22.8,38.0,0.0,,,12.3,,,
2014-07-19,28.3,21.8,38.2,0.0,,,,,,
2014-07-20,30.7,23.3,42.4,0.0,,150.0,15.5,,,
2014-07-21,28.5,26.8,40.1,0.0,,94.0,22.5,,,
2014-07-22,26.5,,,0.0,,,,,,
2014-07-23,25.8,,38.0,0.0,,,,,,
2014-07-24,27.6,23.5,40.3,0.0,,,,,,
2014-07-25,30.4,23.8,44.7,0.0,,118.0,18.4,,,
2014-07-26,32.0,29.4,46.5,0.0,,,,,,
2014-07-27,28.0,26.5,40.0,0.0,,,,,,
2014-07-28,27.2,23.6,38.2,0.0,,,17.6,,,
2014-07-29,29.5,23.6,43.2,0.0,,,,,,
2014-07-30,25.6,,37.0,0.0,,,,,,
2014-07-31,25.6,22.4,38.0,0.0,,,15.1,,,
2014-08-01,29.0,21.6,38.6,0.0,,,,,,
2014-08-02,30.9,24.4,41.3,0.0,,119.0,19.3,,,
2014-08-03,30.1,25.7,44.3,0.0,,63.0,20.8,,,
2014-08-04,27.6,25.6,,0.0,,,,,,
2014-08-05,27.4,25.9,41.4,0.0,,68.0,13.9,,,
2014-08-06,26.7,24.7,38.5,0.0,,59.0,21.1,,,
2014-08-07,25.9,24.3,37.2,0.0,,63.0,21.0,,,
2014-08-08,24.6,23.2,37.2,0.0,,71.0,10.7,,,
2014-08-09,24.9,20.8,39.1,0.0,,,12.7,,,
2014-08-10,27.4,23.2,41.0,0.0,,218.0,12.7,,,
2014-08-11,30.4,23.2,41.0,0.0,,,,,,
2014-08-12,30.5,25.9,42.4,0.0,,,11.5,,,
2014-08-13,33.9,25.3,40.0,0.0,,,14.3,,,
2014-08-14,28.2,,,0.0,,,,,,
2014-08-15,26.4,,39.2,0.0,,,,,,
2014-08-16,26.2,21.8,30.8,0.0,,81.0,24.0,,,
2014-08-17,24.9,23.9,37.1,0.0,,60.0,25.2,,,
2014-08-18,25.9,,37.5,0.0,,,,,,
2014-08-19,29.1,22.8,37.0,0.0,,,11.9,,,
2014-08-20,30.7,25.6,42.9,0.0,,102.0,11.3,,,
2014-08-21,27.7,25.9,39.3,0.0,,,,,,
2014-08-22,26.9,,,0.0,,,,,,
2014-08-23,29.1,23.8,36.8,0.0,,75.0,16.8,,,
2014-08-24,26.6,,39.4,,,,,,,
2014-08-25,26.3,,38.6,,,,,,,
2014-08-26,27.1,23.6,39.1,0.0,,,,,,
2014-08-27,27.8,23.9,43.1,0.0,,,,,,
2014-08-28,27.2,,,0.0,,,,,,
2014-08-29,27.6,22.7,39.1,0.0,,,13.5,,,
2014-08-30,29.0,23.3,30.8,0.0,,,9.7,,,
2014-08-31,30.9,23.6,,0.0,,,,,,
2014-09-01,28.0,24.8,39.1,0.0,,,15.7,,,
2014-09-02,27.9,23.6,37.1,0.0,,,10.3,,,
2014-09-03,25.9,22.5,,0.0,,,,,,
2014-09-04,29.5,22.8,39.7,0.0,,116.0,15.5,,,
2014-09-05,27.5,22.8,37.6,0.0,,75.0,13.9,,,
2014-09-06,26.4,,36.1,0.0,,,,,,
2014-09-07,26.5,23.6,37.1,0.3,,,12.4,,,
2014-09-08,26.3,,35.1,0.0,,,,,,
2014-09-09,25.5,21.7,35.1,1.0,,89.0,13.3,,,
2014-09-10,26.4,,,0.0,,,,,,
2014-09-11,26.1,22.7,38.6,0.0,,,,,,
2014-09-12,28.1,22.8,38.3,0.0,,,,,,
2014-09-13,25.0,,36.1,0.0,,,,,,
2014-09-14,28.4,23.8,36.2,0.0,,,,,,
2014-09-15,30.0,22.9,40.7,0.0,,,13.6,,,
2014-09-16,33.5,29.4,,0.0,,,,,,
2014-09-17,29.1,27.7,40.9,0.0,,,13.9,,,
2014-09-18,29.0,23.8,36.8,0.0,,104.0,11.9,,,
2014-09-19,31.3,24.8,43.1,0.0,,,,,,
2014-09-20,35.0,27.4,42.1,0.0,,,9.7,,,
2014-09-21,31.6,27.1,41.4,0.0,,,12.5,,,
2014-09-22,31.6,24.2,42.1,0.0,,,9.6,,,
2014-09-23,30.4,26.0,37.2,0.0,,,,,,
2014-09-24,28.1,23.5,36.2,0.0,,98.0,12.6,,,
2014-09-25,28.4,23.9,29.9,0.0,,,12.5,,,
2014-09-26,23.7,21.6,30.1,2.8,,,,,,
2014-09-27,23.0,19.6,,0.0,,,,,,
2014-09-28,22.7,18.8,26.8,0.0,,64.0,16.6,,,
2014-09-29,22.2,18.9,31.4,0.0,,,11.0,,,
2014-09-30,22.2,19.4,31.3,0.0,,82.0,11.6,,,
2014-10-01,23.0,17.9,32.3,0.0,,,8.4,,,
2014-10-02,25.2,20.6,,0.0,,,,,,
2014-10-03,24.7,20.2,33.7,0.0,,,,,,
2014-10-04,22.3,20.8,27.8,4.1,,63.0,22.0,,,
2014-10-05,23.1,17.8,28.2,4.3,,10.0,23.3,,,
2014-10-06,22.0,16.7,28.5,0.8,,,,,,
2014-10-07,24.0,16.0,,0.0,,,,,,
2014-10-08,26.5,18.8,31.8,0.0,,221.0,12.2,,,
2014-10-09,26.3,17.7,35.1,0.0,,172.0,12.1,,,
2014-10-10,28.0,17.5,35.6,0.0,,,,,,
2014-10-11,26.0,21.2,,0.0,,,,,,
2014-10-12,24.8,20.1,37.5,0.0,,,,,,
2014-10-13,25.9,19.5,35.9,0.0,,,12.3,,,
2014-10-14,31.0,20.6,36.8,0.0,,,,,,
2014-10-15,22.9,,,0.8,,,,,,
2014-10-16,21.1,17.3,30.1,2.3,,53.0,22.9,,,
2014-10-17,21.9,,,0.0,,,,,,
2014-10-18,23.4,14.8,32.8,0.0,,,6.7,,,
2014-10-19,21.2,12.8,28.8,0.0,,,9.0,,,
2014-10-20,21.7,17.8,30.9,0.0,,,6.8,,,
2014-10-21,21.8,15.9,30.4,0.0,,46.0,10.2,,,
2014-10-22,22.2,17.7,,0.0,,,,,,
2014-10-23,19.5,16.7,25.1,,,,,,,
2014-10-24,19.7,17.7,24.8,0.0,,,18.9,,,
2014-10-25,18.9,16.7,26.0,0.0,,,11.3,,,
2014-10-26,19.1,13.7,28.4,0.0,,,10.8,,,
2014-10-27,19.4,14.4,28.0,0.0,,,,,,
2014-10-28,19.6,13.9,26.9,0.0,,,8.1,,,
2014-10-29,18.2,12.0,28.2,0.0,,,11.3,,,
2014-10-30,18.2,16.3,24.9,0.0,,38.0,17.3,,,
2014-10-31,17.2,14.0,23.5,0.0,,,,,,
2014-11-01,16.6,13.1,22.8,0.0,,,,,,
2014-11-02,14.7,10.2,24.2,0.0,,,9.5,,,
2014-11-03,15.6,8.9,23.9,0.0,,,8.8,,,
2014-11-04,16.6,9.9,26.5,0.0,,164.0,15.3,,,
2014-11-05,18.9,8.4,25.1,0.0,,193.0,13.7,,,
2014-11-06,14.0,,,0.5,,,,,,
2014-11-07,12.7,10.9,19.0,18.3,,281.0,44.0,,,
2014-11-08,15.4,11.7,22.2,0.0,,277.0,28.8,,,
2014-11-09,15.7,10.5,,0.0,,,,,,
2014-11-10,16.9,12.7,24.3,0.0,,44.0,15.9,,,
2014-11-11,18.5,16.8,24.9,0.0,,53.0,16.7,,,
2014-11-12,16.9,17.6,22.0,0.0,,265.0,25.8,,,
2014-11-13,16.4,,,0.0,,,,,,
2014-11-14,16.2,,23.5,0.0,,,,,,
2014-11-15,17.8,10.5,,0.0,,,,,,
2014-11-16,17.2,,24.2,,,,,,,
2014-11-17,16.5,10.3,24.9,0.0,,,9.6,,,
2014-11-18,16.6,11.8,25.2,0.0,,61.0,9.3,,,
2014-11-19,17.0,9.4,25.5,0.0,,209.0,9.6,,,
2014-11-20,16.5,9.5,27.1,0.0,,,,,,
2014-11-21,16.3,9.2,25.5,0.0,,,,,,
2014-11-22,18.1,10.0,27.9,0.0,,,9.2,,,
2014-11-23,16.3,11.9,26.0,0.0,,52.0,10.8,,,
2014-11-24,16.3,11.8,24.9,0.0,,144.0,9.1,,,
2014-11-25,16.4,15.2,20.9,0.0,,,,,,
2014-11-26,17.6,14.4,23.4,0.0,,38.0,13.3,,,
2014-11-27,15.1,12.2,24.5,0.0,,,14.3,,,
2014-11-28,15.7,11.9,23.6,0.0,,,,,,
2014-11-29,23.3,16.6,28.1,0.0,,,,,,
2014-11-30,24.9,15.9,26.9,0.0,,,20.5,,,
2014-12-01,16.7,14.8,19.8,0.8,,227.0,27.3,,,
2014-12-02,16.2,11.5,18.5,0.0,,,,,,
2014-12-03,13.9,14.0,20.2,0.0,,252.0,22.1,,,
2014-12-04,12.9,11.5,20.4,0.0,,,10.8,,,
2014-12-05,14.4,8.5,21.4,0.0,,,9.8,,,
2014-12-06,11.9,,20.5,0.0,,,,,,
2014-12-07,11.0,,16.7,0.0,,,,,,
2014-12-08,11.7,10.0,18.4,0.0,,328.0,18.8,,,
2014-12-09,9.9,7.9,16.9,0.0,,286.0,12.2,,,
2014-12-10,9.7,7.6,16.3,6.4,,,,,,
2014-12-11,11.2,9.3,16.7,0.0,,,,,,
2014-12-12,11.1,5.7,19.5,0.0,,304.0,20.3,,,
2014-12-13,9.9,3.8,15.8,0.0,,,,,,
2014-12-14,10.2,3.9,16.9,0.0,,,,,,
2014-12-15,13.2,7.9,19.6,0.0,,164.0,15.4,,,
2014-12-16,10.7,5.2,17.1,0.0,,,,,,
2014-12-17,10.5,3.8,18.2,0.0,,274.0,24.6,,,
2014-12-18,11.0,5.1,17.8,0.0,,286.0,18.0,,,
2014-12-19,13.5,9.5,19.0,2.0,,340.0,14.1,,,
2014-12-20,11.4,11.8,17.5,0.0,,278.0,12.0,,,
2014-12-21,11.0,12.2,20.0,0.0,,287.0,11.1,,,
2014-12-22,10.0,5.9,17.6,0.0,,16.0,15.3,,,
2014-12-23,9.8,,18.3,0.0,,,,,,
2014-12-24,6.8,2.9,17.5,0.0,,,9.7,,,
2014-12-25,8.2,,17.1,0.0,,,,,,
2014-12-26,8.4,5.6,19.0,0.0,,,,,,
2014-12-27,11.1,6.8,18.5,0.0,,,,,,
2014-12-28,9.3,11.8,16.8,0.0,,262.0,36.0,,,
2014-12-29,7.6,,14.2,0.0,,,,,,
2014-12-30,6.6,,12.3,0.0,,,,,,
2014-12-31,4.2,2.7,11.1,0.0,,,,,,
2015-01-01,4.5,1.9,10.9,0.5,,,,,,
2015-01-02,6.0,8.8,13.6,0.0,,342.0,30.3,,,
2015-01-03,6.4,-0.2,12.8,0.0,,240.0,17.0,,,
2015-01-04,8.7,1.5,15.2,0.0,,272.0,37.5,,,
2015-01-05,10.1,4.3,19.4,0.0,,,,,,
2015-01-06,10.8,,,0.0,,,,,,
2015-01-07,8.2,8.5,17.0,0.0,,,14.0,,,
2015-01-08,7.5,2.5,19.2,0.0,,,,,,
2015-01-09,7.3,3.9,17.9,0.0,,63.0,12.4,,,
2015-01-10,9.2,1.9,18.3,0.0,,,,,,
2015-01-11,10.9,4.3,21.3,0.0,,283.0,21.4,,,
2015-01-12,9.2,5.9,19.9,0.0,,,17.9,,,
2015-01-13,9.2,9.8,14.9,0.0,,,10.9,,,
2015-01-14,10.6,6.8,14.8,0.0,,207.0,13.1,,,
2015-01-15,10.4,5.5,20.4,0.0,,,7.7,,,
2015-01-16,12.1,,21.3,0.8,,,,,,
2015-01-17,8.9,5.6,18.4,0.0,,,,,,
2015-01-18,10.0,7.8,13.8,0.0,,,13.9,,,
2015-01-19,8.2,5.2,14.9,5.3,,,11.0,,,
2015-01-20,9.4,4.5,15.7,0.0,,,,,,
2015-01-21,9.0,2.1,16.5,0.0,,,,,,
2015-01-22,8.0,,,0.0,,,,,,
2015-01-23,8.5,2.4,13.9,0.0,,280.0,35.9,,,
2015-01-24,8.9,5.1,16.1,0.0,,294.0,25.9,,,
2015-01-25,8.5,5.6,13.9,0.0,,,,,,
2015-01-26,7.1,4.6,14.2,0.0,,287.0,15.7,,,
2015-01-27,8.2,7.9,16.1,0.0,,303.0,29.3,,,
2015-01-28,8.6,10.4,16.5,0.0,,294.0,31.4,,,
2015-01-29,8.5,8.4,,0.0,,,,,,
2015-01-30,11.7,7.8,15.9,0.0,,,,,,
2015-01-31,17.8,11.3,,0.0,,,,,,
2015-02-01,13.1,8.9,,0.0,,,,,,
2015-02-02,8.2,4.8,14.9,0.0,,249.0,16.5,,,
2015-02-03,10.6,5.8,16.8,0.0,,232.0,30.4,,,
2015-02-04,13.0,6.9,18.9,0.0,,,,,,
2015-02-05,8.7,6.4,12.9,0.0,,251.0,20.6,,,
2015-02-06,6.5,1.6,12.4,0.0,,234.0,18.9,,,
2015-02-07,7.2,5.2,14.2,0.0,,,,,,
2015-02-08,7.8,5.9,17.2,0.0,,,13.4,,,
2015-02-09,4.7,,17.1,0.0,,,,,,
2015-02-10,7.9,2.5,16.1,0.0,,,,,,
2015-02-11,7.5,1.3,19.4,0.0,,,,,,
2015-02-12,9.1,4.4,20.4,0.0,,,,,,
2015-02-13,11.4,9.4,19.2,0.0,,,15.7,,,
2015-02-14,12.2,9.8,15.8,0.0,,,,,,
2015-02-15,11.7,,18.5,0.0,,,,,,
2015-02-16,9.8,5.3,18.4,0.0,,205.0,14.0,,,
2015-02-17,9.6,7.2,17.1,1.0,,,6.8,,,
2015-02-18,9.7,9.8,17.0,0.0,,,13.1,,,
2015-02-19,10.1,,17.7,0.0,,,,,,
2015-02-20,11.0,,13.3,0.0,,,,,,
2015-02-21,11.7,10.7,,5.6,,,,,,
2015-02-22,8.6,,11.4,20.6,,,,,,
2015-02-23,8.6,8.2,17.7,2.3,,,,,,
2015-02-24,10.9,6.9,18.5,0.0,,,20.2,,,
2015-02-25,10.0,8.2,16.1,0.0,,286.0,19.0,,,
2015-02-26,9.2,7.8,13.4,0.0,,285.0,29.7,,,
2015-02-27,11.2,10.7,16.8,,,274.0,20.1,,,
2015-02-28,10.2,,,4.6,,,,,,
2015-03-01,10.2,,13.0,12.7,,,,,,
2015-03-02,11.4,3.4,,0.3,,,,,,
2015-03-03,13.8,9.9,,0.0,,,,,,
2015-03-04,16.6,9.7,23.0,0.0,,,,,,
2015-03-05,12.6,11.8,16.8,0.0,,321.0,21.7,,,
2015-03-06,10.3,,15.7,,,,,,,
2015-03-07,9.5,5.8,12.8,0.0,,342.0,32.4,,,
2015-03-08,9.6,7.8,12.8,0.0,,,8.2,,,
2015-03-09,9.3,7.9,17.0,0.0,,,11.8,,,
2015-03-10,9.6,7.6,17.9,0.0,,,16.3,,,
2015-03-11,15.0,4.7,20.1,0.0,,,9.1,,,
2015-03-12,15.5,6.6,23.7,0.0,,,,,,
2015-03-13,12.2,8.4,21.1,0.0,,58.0,14.5,,,
2015-03-14,13.8,7.2,21.5,0.0,,,,,,
2015-03-15,13.6,8.8,17.8,0.0,,45.0,26.3,,,
2015-03-16,16.0,11.6,24.9,0.0,,,10.8,,,
2015-03-17,12.7,11.8,15.8,0.0,,,17.8,,,
2015-03-18,11.6,9.3,22.3,0.0,,,12.6,,,
2015-03-19,12.0,9.0,23.0,0.0,,,,,,
2015-03-20,14.5,10.5,20.9,0.0,,,,,,
2015-03-21,15.4,,19.9,0.0,,,,,,
2015-03-22,17.9,12.6,23.2,0.0,,,10.4,,,
2015-03-23,14.4,9.2,25.7,0.0,,,,,,
2015-03-24,14.2,,19.9,,,,,,,
2015-03-25,14.7,10.2,21.6,,,,,,,
2015-03-26,12.4,10.5,17.7,12.7,,,,,,
2015-03-27,12.7,10.9,19.0,0.3,,312.0,24.5,,,
2015-03-28,14.7,8.8,20.8,0.0,,300.0,22.9,,,
2015-03-29,15.4,8.8,20.8,,,,17.9,,,
2015-03-30,17.4,11.0,25.7,0.0,,,14.7,,,
2015-03-31,19.5,14.2,29.1,0.0,,,,,,
2015-04-01,19.2,12.8,28.8,0.0,,36.0,14.9,,,
2015-04-02,15.6,12.6,,0.0,,,,,,
2015-04-03,16.1,10.1,26.2,0.0,,,,,,
2015-04-04,18.7,8.8,26.8,0.0,,,,,,
2015-04-05,15.5,13.6,25.8,0.0,,,,,,
2015-04-06,14.1,11.9,17.8,0.0,,,18.7,,,
2015-04-07,12.1,9.5,18.9,0.0,,45.0,33.4,,,
2015-04-08,11.1,9.8,19.6,,,28.0,25.5,,,
2015-04-09,9.3,4.5,20.1,0.0,,34.0,20.5,,,
2015-04-10,12.0,4.9,21.0,0.0,,,,,,
2015-04-11,15.2,5.1,23.2,0.0,,,,,,
2015-04-12,16.4,6.4,26.0,0.0,,,,,,
2015-04-13,15.2,7.8,20.8,0.0,,,11.6,,,
2015-04-14,15.5,8.4,26.4,0.0,,,11.2,,,
2015-04-15,16.4,9.8,26.9,0.0,,,,,,
2015-04-16,18.7,9.5,29.1,0.0,,,10.1,,,
2015-04-17,22.9,12.6,33.3,0.0,,98.0,14.1,,,
2015-04-18,18.4,15.8,31.6,0.0,,52.0,17.2,,,
2015-04-19,22.9,18.9,,0.0,,,,,,
2015-04-20,17.7,17.6,31.2,0.0,,,16.5,,,
2015-04-21,16.7,15.5,26.4,0.0,,67.0,26.0,,,
2015-04-22,15.6,,,0.0,,,,,,
2015-04-23,19.6,14.1,32.4,0.0,,104.0,13.1,,,
2015-04-24,19.7,17.3,36.0,0.0,,,,,,
2015-04-25,17.6,,30.0,,,,,,,
2015-04-26,18.0,14.8,30.1,0.0,,106.0,16.0,,,
2015-04-27,18.8,14.9,31.8,0.0,,,18.1,,,
2015-04-28,20.4,13.6,28.8,0.0,,,,,,
2015-04-29,18.8,14.7,,0.0,,,,,,
2015-04-30,16.7,14.4,,0.0,,,,,,
2015-05-01,20.4,15.7,31.6,0.0,,,13.7,,,
2015-05-02,24.6,14.8,34.9,0.0,,194.0,9.0,,,
2015-05-03,26.1,17.3,38.1,0.0,,,,,,
2015-05-04,30.4,21.9,33.8,0.0,,99.0,13.1,,,
2015-05-05,30.4,21.3,41.7,0.0,,116.0,11.3,,,
2015-05-06,30.3,19.3,41.4,0.0,,,,,,
2015-05-07,23.7,19.8,37.4,0.0,,71.0,19.0,,,
2015-05-08,23.2,21.3,,0.0,,,,,,
2015-05-09,22.6,21.4,,0.0,,,,,,
2015-05-10,22.9,18.3,33.2,0.0,,,,,,
2015-05-11,24.6,14.6,32.5,0.0,,,,,,
2015-05-12,21.6,15.5,33.5,0.0,,,10.3,,,
2015-05-13,21.4,16.8,,0.0,,,,,,
2015-05-14,24.2,15.8,35.0,,,,10.9,,,
2015-05-15,26.8,19.8,36.1,0.0,,,,,,
2015-05-16,19.5,18.8,22.9,0.0,,43.0,36.6,,,
2015-05-17,20.0,14.8,25.8,0.0,,310.0,14.5,,,
2015-05-18,22.4,18.3,31.6,0.0,,356.0,15.4,,,
2015-05-19,25.5,15.8,32.8,0.0,,,15.4,,,
2015-05-20,28.7,19.2,35.2,0.0,,,11.5,,,
2015-05-21,21.6,,,0.0,,,,,,
2015-05-22,17.9,15.4,27.3,0.0,,,25.8,,,
2015-05-23,19.0,14.4,27.5,0.0,,,,,,
2015-05-24,19.5,16.9,,0.0,,,,,,
2015-05-25,19.5,16.9,29.7,0.0,,67.0,36.1,,,
2015-05-26,19.2,15.9,,0.0,,,,,,
2015-05-27,21.4,15.9,29.6,0.0,,,,,,
2015-05-28,22.0,16.6,,0.0,,,,,,
2015-05-29,22.2,,32.8,0.0,,,,,,
2015-05-30,19.6,19.5,22.8,0.0,,88.0,21.9,,,
2015-05-31,20.4,18.9,32.6,0.0,,71.0,19.0,,,
2015-06-01,19.2,19.4,29.9,0.0,,67.0,16.0,,,
2015-06-02,20.1,17.5,31.3,0.0,,,,,,
2015-06-03,18.9,14.9,31.1,0.0,,,17.5,,,
2015-06-04,19.8,16.0,32.1,0.0,,,,,,
2015-06-05,21.5,18.8,33.4,0.0,,,14.7,,,
2015-06-06,22.7,18.5,35.5,0.0,,,,,,
2015-06-07,22.7,18.7,34.1,0.0,,,,,,
2015-06-08,23.2,18.0,34.4,7.9,,66.0,11.7,,,
2015-06-09,26.2,20.8,36.3,0.0,,,19.8,,,
2015-06-10,26.7,21.6,38.4,0.0,,,,,,
2015-06-11,27.0,23.6,31.8,0.0,,102.0,16.4,,,
2015-06-12,30.6,23.2,39.7,0.0,,125.0,31.8,,,
2015-06-13,29.6,21.7,40.3,0.0,,120.0,24.7,,,
2015-06-14,25.6,22.9,36.4,0.0,,85.0,22.4,,,
2015-06-15,23.1,21.6,36.9,0.0,,,,,,
2015-06-16,23.0,21.7,35.9,0.0,,,,,,
2015-06-17,24.0,21.3,35.2,0.0,,,18.6,,,
2015-06-18,21.6,,,0.0,,,,,,
2015-06-19,24.5,20.2,,0.0,,,,,,
2015-06-20,26.7,21.9,35.3,0.0,,,11.0,,,
2015-06-21,24.5,22.5,36.2,0.0,,,11.1,,,
2015-06-22,24.4,19.8,35.8,0.0,,96.0,13.8,,,
2015-06-23,28.4,16.8,37.8,0.0,,,,,,
2015-06-24,26.2,22.8,30.8,0.0,,58.0,26.7,,,
2015-06-25,24.2,21.8,26.8,0.0,,,,,,
2015-06-26,23.8,19.8,28.8,0.0,,,,,,
2015-06-27,25.7,21.8,36.1,0.0,,,,,,
2015-06-28,27.0,20.6,38.1,0.0,,,,,,
2015-06-29,28.0,22.9,40.2,0.0,,,11.5,,,
2015-06-30,26.1,22.6,37.0,0.0,,,,,,
2015-07-01,26.0,21.7,36.3,0.0,,,,,,
2015-07-02,26.3,22.6,36.5,0.0,,,,,,
2015-07-03,25.1,,36.0,,,,,,,
2015-07-04,24.9,20.9,28.0,0.0,,,12.0,,,
2015-07-05,24.6,21.8,35.9,0.0,,,,,,
2015-07-06,25.6,21.3,35.6,0.0,,80.0,15.7,,,
2015-07-07,25.5,20.9,36.6,0.0,,,,,,
2015-07-08,26.8,21.1,39.2,0.0,,,10.1,,,
2015-07-09,27.6,22.3,40.9,0.0,,,,,,
2015-07-10,29.4,24.7,40.3,0.0,,,14.6,,,
2015-07-11,25.0,23.3,37.4,0.0,,,16.5,,,
2015-07-12,25.4,20.8,29.8,0.0,,,15.8,,,
2015-07-13,26.7,23.1,40.5,0.0,,,,,,
2015-07-14,27.7,23.1,40.0,0.0,,,,,,
2015-07-15,25.6,20.8,29.8,0.0,,65.0,16.8,,,
2015-07-16,25.9,21.8,30.8,,,,14.5,,,
2015-07-17,25.9,22.6,38.2,0.0,,80.0,14.6,,,
2015-07-18,26.6,21.9,,0.0,,,,,,
2015-07-19,30.0,22.8,,0.0,,,,,,
2015-07-20,28.9,23.0,41.1,0.0,,,,,,
2015-07-21,29.1,,41.2,,,,,,,
2015-07-22,29.3,25.5,40.9,0.0,,,,,,
2015-07-23,29.8,26.9,40.2,,,,13.1,,,
2015-07-24,28.5,,38.7,,,,,,,
2015-07-25,28.7,22.8,33.8,,,74.0,15.5,,,
2015-07-26,31.6,,,0.0,,,,,,
2015-07-27,33.2,25.7,42.1,0.0,,,,,,
2015-07-28,30.2,,43.1,0.0,,,,,,
2015-07-29,31.6,27.8,42.6,0.0,,,,,,
2015-07-30,33.1,26.7,43.1,0.0,,,10.1,,,
2015-07-31,33.1,26.8,44.4,0.0,,127.0,15.5,,,
2015-08-01,32.9,22.8,41.8,0.0,,113.0,15.7,,,
2015-08-02,34.4,27.6,44.5,0.0,,,16.0,,,
2015-08-03,31.6,24.8,37.8,0.0,,,13.9,,,
2015-08-04,28.5,25.8,33.8,0.0,,160.0,21.5,,,
2015-08-05,28.5,24.7,40.6,0.0,,,,,,
2015-08-06,28.6,26.4,,0.0,,,,,,
2015-08-07,28.6,22.8,34.8,0.0,,,13.9,,,
2015-08-08,28.7,26.8,39.2,0.0,,,,,,
2015-08-09,29.4,25.5,39.3,0.0,,,,,,
2015-08-10,30.1,25.3,39.2,1.5,,,,,,
2015-08-11,29.6,25.7,39.6,0.0,,,13.9,,,
2015-08-12,29.2,24.8,34.8,0.0,,,15.1,,,
2015-08-13,28.4,22.6,,0.0,,,,,,
2015-08-14,29.0,,38.3,0.0,,,,,,
2015-08-15,31.0,21.5,38.9,0.0,,,14.3,,,
2015-08-16,26.9,24.6,34.3,2.8,,,,,,
2015-08-17,27.1,21.8,35.4,0.3,,,,,,
2015-08-18,29.8,23.7,39.1,0.0,,,18.8,,,
2015-08-19,27.6,23.8,34.8,,,167.0,26.3,,,
2015-08-20,26.7,25.3,35.9,0.0,,,14.7,,,
2015-08-21,26.7,21.8,31.8,0.0,,178.0,17.7,,,
2015-08-22,27.6,22.8,32.8,,,177.0,21.1,,,
2015-08-23,28.7,,35.4,6.9,,,,,,
2015-08-24,29.9,24.3,37.8,0.0,,,12.8,,,
2015-08-25,28.7,25.8,33.8,0.0,,51.0,19.6,,,
2015-08-26,28.4,23.8,32.8,0.0,,105.0,19.8,,,
2015-08-27,29.0,24.8,33.8,0.0,,62.0,17.7,,,
2015-08-28,27.6,23.8,32.8,0.0,,,18.5,,,
2015-08-29,26.4,24.8,34.7,0.0,,,,,,
2015-08-30,25.7,,35.0,,,,,,,
2015-08-31,25.9,21.7,34.8,0.0,,,9.9,,,
2015-09-01,26.6,,36.2,0.0,,,,,,
2015-09-02,28.2,20.8,34.8,0.0,,169.0,16.2,,,
2015-09-03,29.3,24.5,39.2,0.0,,,,,,
2015-09-04,29.7,22.8,36.8,0.0,,68.0,14.6,,,
2015-09-05,29.4,21.8,38.8,0.0,,65.0,13.0,,1012.9,
2015-09-06,27.2,24.8,30.8,0.0,,73.0,18.4,,,
2015-09-07,25.1,22.8,28.8,13.5,,76.0,21.2,,1015.4,
2015-09-08,25.6,21.8,29.8,0.0,,69.0,20.3,,1012.2,
2015-09-09,26.1,20.8,32.8,0.0,,347.0,14.9,,1011.0,
2015-09-10,24.3,22.8,32.2,0.5,,52.0,17.8,,1014.8,
2015-09-11,25.1,19.8,29.8,0.0,,90.0,17.4,,,
2015-09-12,26.4,21.8,31.8,0.0,,96.0,20.1,,,
2015-09-13,27.4,20.8,32.8,0.0,,99.0,17.1,,1015.7,
2015-09-14,27.1,21.8,32.8,0.0,,84.0,14.1,,,
2015-09-15,26.9,22.8,32.8,0.0,,84.0,15.3,,1013.5,
2015-09-16,27.4,21.5,38.7,0.0,,74.0,16.5,,,
2015-09-17,29.2,20.8,37.8,0.0,,82.0,17.9,,1011.3,
2015-09-18,27.9,21.8,33.8,0.0,,77.0,17.2,,1014.4,
2015-09-19,26.9,20.8,32.8,0.0,,86.0,13.0,,,
2015-09-20,25.0,22.8,28.8,0.0,,93.0,21.0,,1015.2,
2015-09-21,24.3,19.8,28.8,0.0,,355.0,18.6,,,
2015-09-22,24.3,15.8,30.8,0.0,,,,,,
2015-09-23,26.9,18.8,34.8,0.0,,261.0,16.4,,,
2015-09-24,23.2,19.8,26.8,0.0,,61.0,20.6,,,
2015-09-25,19.2,16.8,21.8,0.0,,89.0,8.6,,,
2015-09-26,20.2,13.8,25.8,0.5,,118.0,6.4,,,
2015-09-27,21.0,16.8,25.8,0.0,,322.0,9.9,,,
2015-09-28,21.3,15.8,26.8,0.0,,73.0,11.7,,,
2015-09-29,21.8,15.8,26.8,0.0,,98.0,13.4,,,
2015-09-30,23.0,17.8,28.8,0.0,,114.0,13.3,,1016.0,
2015-10-01,22.7,18.6,31.2,0.0,,91.0,13.3,,,
2015-10-02,21.6,18.8,23.8,0.0,,65.0,23.9,,1018.0,
2015-10-03,21.5,18.8,24.8,0.0,,73.0,14.9,,1020.3,
2015-10-04,23.4,16.8,29.8,0.0,,,7.8,,,
2015-10-05,26.4,19.8,33.8,0.0,,202.0,11.3,,,
2015-10-06,27.5,19.8,34.8,0.0,,235.0,13.9,,,
2015-10-07,25.2,21.2,36.4,0.0,,,17.8,,,
2015-10-08,24.1,20.8,29.8,0.0,,89.0,26.9,,,
2015-10-09,24.2,21.8,28.8,0.0,,63.0,21.3,,,
2015-10-10,21.9,18.8,26.8,4.1,,230.0,11.3,,,
2015-10-11,21.4,15.6,27.9,0.0,,153.0,12.0,,,
2015-10-12,23.4,13.7,27.8,0.0,,169.0,10.8,,,
2015-10-13,22.8,14.8,31.8,0.0,,,8.4,,,
2015-10-14,25.9,16.8,34.8,,,229.0,13.7,,,
2015-10-15,23.1,19.8,25.8,0.0,,70.0,21.0,,,
2015-10-16,21.2,17.9,29.4,0.5,,,13.9,,,
2015-10-17,22.3,17.6,30.2,0.0,,,9.4,,,
2015-10-18,23.1,19.8,28.8,0.0,,208.0,9.4,,,
2015-10-19,24.2,17.8,31.8,0.0,,248.0,15.1,,,
2015-10-20,25.9,22.8,29.8,0.0,,233.0,22.1,,,
2015-10-21,23.4,20.8,27.8,1.0,,251.0,28.0,,1008.9,
2015-10-22,18.1,14.8,23.8,0.0,,285.0,12.9,,,
2015-10-23,17.6,12.8,21.8,0.0,,280.0,18.1,,,
2015-10-24,16.2,10.8,21.8,0.0,,29.0,10.1,,1019.1,
2015-10-25,18.2,12.8,22.8,0.0,,,7.8,,,
2015-10-26,19.4,11.8,24.8,0.0,,187.0,8.7,,,
2015-10-27,21.4,14.8,27.8,0.0,,257.0,10.6,,,
2015-10-28,21.7,13.8,27.8,0.0,,,8.1,,,
2015-10-29,20.2,16.8,22.8,0.0,,59.0,14.9,,,
2015-10-30,18.7,16.9,25.0,0.3,,60.0,16.5,,,
2015-10-31,17.2,11.8,22.8,0.0,,327.0,12.0,,,
2015-11-01,17.4,12.8,22.8,,,293.0,8.1,,,
2015-11-02,17.3,11.8,22.8,0.0,,58.0,7.8,,,
2015-11-03,17.6,11.8,22.8,0.0,,79.0,8.3,,,
2015-11-04,18.9,12.8,24.8,0.0,,214.0,8.4,,,
2015-11-05,19.9,16.8,24.8,0.0,,50.0,8.8,,,
2015-11-06,17.9,14.8,20.8,3.3,,40.0,13.7,,,
2015-11-07,17.2,13.8,20.8,0.0,,24.0,18.5,,1023.0,
2015-11-08,16.6,13.8,19.8,0.0,,39.0,15.4,,,
2015-11-09,16.6,12.8,21.8,0.0,,,5.6,,,
2015-11-10,14.9,10.8,20.8,0.0,,63.0,7.7,,,
2015-11-11,15.3,9.8,21.8,,,36.0,9.7,,,
2015-11-12,15.7,10.8,20.8,0.0,,,7.3,,1023.4,
2015-11-13,16.6,14.8,19.8,0.0,,,7.7,,,
2015-11-14,15.3,13.8,18.8,0.0,,19.0,11.4,,1024.3,
2015-11-15,15.3,10.8,19.8,0.0,,335.0,7.3,,1022.5,
2015-11-16,15.0,9.8,23.0,0.0,,48.0,10.0,,,
2015-11-17,14.4,9.7,22.3,0.0,,50.0,11.9,,,
2015-11-18,15.1,10.8,19.8,0.0,,,6.9,,,
2015-11-19,15.7,12.8,20.8,0.0,,280.0,7.5,,,
2015-11-20,15.9,10.8,21.8,0.0,,280.0,10.2,,1024.8,
2015-11-21,16.2,10.8,20.8,0.0,,238.0,32.6,,1013.3,
2015-11-22,14.5,12.8,16.8,0.0,,107.0,20.2,,,
2015-11-23,12.9,8.8,18.8,0.0,,60.0,7.9,,,
2015-11-24,13.5,,16.9,0.0,,,,,,
2015-11-25,11.5,8.8,16.8,,,259.0,20.3,,,
2015-11-26,12.1,7.6,19.3,0.0,,262.0,23.2,,1008.4,
2015-11-27,12.4,8.9,16.5,0.0,,355.0,16.1,,,
2015-11-28,9.7,3.8,16.8,,,262.0,10.2,,,
2015-11-29,10.2,3.8,18.8,0.0,,275.0,8.0,,,
2015-11-30,10.8,2.8,17.8,0.0,,353.0,7.8,,1033.6,
2015-12-01,11.3,4.8,17.8,0.0,,252.0,20.4,,,
2015-12-02,11.5,3.8,16.8,,,248.0,21.3,,1030.9,
2015-12-03,9.1,1.8,15.8,,,261.0,14.3,,,
2015-12-04,8.7,5.0,18.9,0.0,,47.0,9.9,,1031.4,
2015-12-05,10.9,5.8,15.8,0.0,,344.0,7.4,,,
2015-12-06,10.6,4.8,18.8,0.0,,,5.4,,,
2015-12-07,11.7,5.8,18.8,,,61.0,6.2,,1031.9,
2015-12-08,11.3,6.8,18.8,0.0,,,5.2,,1032.9,
2015-12-09,11.3,5.8,18.8,0.0,,258.0,6.4,,1033.2,
2015-12-10,10.0,4.8,16.8,,,,5.9,,1031.5,
2015-12-11,10.8,5.8,15.8,0.0,,17.0,9.1,,1030.9,
2015-12-12,9.5,2.8,16.8,,,176.0,6.0,,,
2015-12-13,8.5,2.8,15.8,0.0,,255.0,8.3,,1026.0,
2015-12-14,8.4,1.8,15.8,0.0,,265.0,12.7,,,
2015-12-15,9.7,3.8,16.8,,,,9.1,,,
2015-12-16,10.3,6.9,20.4,0.0,,309.0,9.9,,,
2015-12-17,10.7,4.8,16.8,0.0,,351.0,10.0,,1027.2,
2015-12-18,11.7,7.8,16.8,0.0,,38.0,6.6,,,
2015-12-19,10.8,5.8,17.8,,,257.0,13.5,,,
2015-12-20,11.9,8.9,18.9,0.0,,217.0,13.2,,,
2015-12-21,11.7,6.8,16.8,0.0,,62.0,7.3,,,
2015-12-22,12.3,8.8,17.8,0.0,,,,,,
2015-12-23,10.0,3.8,18.8,,,,5.9,,,
2015-12-24,10.9,5.8,16.8,0.0,,198.0,8.1,,1032.6,
2015-12-25,9.9,2.8,16.8,,,,6.4,,,
2015-12-26,12.4,8.8,16.8,0.0,,,7.0,,,
2015-12-27,10.6,5.9,,0.0,,,,,,
2015-12-28,9.6,4.8,15.8,0.0,,286.0,7.2,,,
2015-12-29,9.2,3.8,15.8,0.0,,263.0,11.9,,1029.7,
2015-12-30,10.6,3.9,18.2,0.0,,290.0,18.5,,,
2015-12-31,11.4,6.8,16.8,0.0,,265.0,11.3,,,
2016-01-01,11.9,6.4,18.1,0.0,,220.0,11.7,,,
2016-01-02,12.6,6.8,18.0,0.0,,,,,,
2016-01-03,12.9,8.8,17.8,0.0,,243.0,26.4,,,
2016-01-04,15.1,10.8,19.8,0.0,,247.0,30.9,,,
2016-01-05,16.2,11.8,21.8,0.0,,245.0,27.0,,,
2016-01-06,13.2,8.8,16.8,0.0,,263.0,28.7,,1011.0,
2016-01-07,10.4,5.8,15.8,,,239.0,27.2,,,
2016-01-08,12.4,5.8,17.8,0.0,,260.0,19.9,,,
2016-01-09,13.0,8.8,16.8,,,255.0,21.5,,,
2016-01-10,13.9,7.8,19.8,0.0,,246.0,20.6,,1017.2,
2016-01-11,14.6,4.8,21.8,,,257.0,27.3,,,
2016-01-12,14.1,9.8,20.8,0.0,,265.0,19.7,,,
2016-01-13,11.9,8.8,16.8,0.0,,85.0,11.5,,,
2016-01-14,10.4,2.8,18.8,,,264.0,7.5,,,
2016-01-15,13.4,5.8,18.2,0.0,,,,,,
2016-01-16,9.1,4.8,14.8,2.5,,316.0,22.6,,,
2016-01-17,7.9,3.8,11.8,0.3,,274.0,24.4,,1018.2,
2016-01-18,7.9,1.8,12.8,0.0,,248.0,22.6,,,
2016-01-19,9.6,4.8,14.8,0.0,,246.0,28.1,,1015.8,
2016-01-20,8.1,4.9,15.9,,,,11.3,,,
2016-01-21,9.6,2.8,15.8,0.0,,267.0,11.0,,,
2016-01-22,10.8,6.8,15.8,0.0,,57.0,9.7,,,
2016-01-23,10.1,8.8,18.0,,,341.0,14.1,,,
2016-01-24,9.6,2.8,16.8,0.0,,,12.2,,,
2016-01-25,9.0,1.8,15.8,0.0,,6.0,6.0,,,
2016-01-26,10.2,,,0.0,,,,,,
2016-01-27,10.1,1.5,18.9,0.0,,279.0,12.1,,,
2016-01-28,9.3,5.7,16.2,0.0,,,8.5,,,
2016-01-29,10.4,1.8,19.8,0.0,,,8.9,,,
2016-01-30,10.7,3.5,21.5,0.0,,,6.1,,,
2016-01-31,11.4,5.9,20.4,0.0,,,13.0,,,
2016-02-01,11.3,6.8,21.1,0.0,,,6.6,,1028.8,
2016-02-02,13.6,9.8,20.8,0.0,,192.0,8.2,,1029.2,
2016-02-03,14.0,5.7,20.4,0.0,,,,,,
2016-02-04,12.9,8.8,17.8,0.0,,23.0,15.7,,1027.2,
2016-02-05,9.0,1.8,14.8,0.0,,259.0,8.9,,1029.1,
2016-02-06,8.6,1.8,16.8,0.0,,249.0,10.3,,,
2016-02-07,11.3,3.8,17.8,0.0,,233.0,19.3,,,
2016-02-08,10.9,4.8,16.8,2.5,,290.0,13.5,,,
2016-02-09,12.0,3.8,17.8,0.0,,247.0,25.6,,1024.9,
2016-02-10,15.5,11.8,20.8,0.0,,238.0,32.7,,1017.5,
2016-02-11,16.8,9.8,22.8,0.0,,231.0,13.1,,1015.4,
2016-02-12,17.9,12.8,22.8,0.0,,246.0,23.8,,1014.8,
2016-02-13,18.4,13.8,22.8,0.0,,247.0,25.1,,,
2016-02-14,18.9,15.8,24.8,0.0,,245.0,25.4,,,
2016-02-15,14.1,,18.1,0.3,,,,,,
2016-02-16,12.7,8.8,17.8,0.0,,243.0,19.7,,1014.8,
2016-02-17,10.0,3.8,14.8,,,9.0,16.0,,1016.9,
2016-02-18,9.9,,,0.0,,,,,,
2016-02-19,10.5,2.8,18.8,0.0,,236.0,11.4,,1023.0,
2016-02-20,10.5,5.8,15.8,0.0,,87.0,13.0,,1028.3,
2016-02-21,12.0,4.8,19.8,0.0,,246.0,9.0,,1029.7,
2016-02-22,14.7,7.8,23.8,0.0,,232.0,8.8,,1023.5,
2016-02-23,15.1,8.8,20.8,,,38.0,12.7,,1016.9,
2016-02-24,13.2,4.8,19.8,0.0,,232.0,13.3,,,
2016-02-25,13.7,4.8,20.8,0.0,,254.0,19.6,,1016.2,
2016-02-26,13.4,6.8,19.8,,,128.0,9.5,,1014.5,
2016-02-27,14.1,3.8,22.8,0.0,,192.0,18.0,,1005.8,
2016-02-28,12.5,6.8,17.8,,,250.0,27.6,,1001.7,
2016-02-29,11.6,4.1,16.9,0.0,,226.0,15.3,,,
2016-03-01,11.0,3.8,17.8,0.0,,277.0,14.3,,,
2016-03-02,12.4,3.8,18.8,0.0,,251.0,18.2,,,
2016-03-03,13.9,8.8,22.8,0.0,,220.0,20.6,,,
2016-03-04,11.8,4.8,17.8,0.0,,93.0,12.8,,,
2016-03-05,16.6,4.8,25.8,0.0,,182.0,14.7,,,
2016-03-06,14.2,7.8,19.8,0.0,,241.0,18.1,,,
2016-03-07,11.4,6.8,16.8,0.0,,,8.7,,1010.1,
2016-03-08,10.6,2.8,17.8,,,262.0,12.0,,,
2016-03-09,10.7,4.8,14.8,,,309.0,12.7,,,
2016-03-10,11.9,7.8,17.8,0.0,,238.0,29.0,,,
2016-03-11,9.3,4.8,13.8,4.8,,245.0,28.5,,,
2016-03-12,11.7,6.8,16.8,0.3,,284.0,15.6,,,
2016-03-13,12.5,6.8,17.8,0.0,,282.0,17.4,,1013.5,
2016-03-14,11.6,3.8,18.8,0.0,,317.0,8.4,,,
2016-03-15,15.0,5.8,22.8,0.0,,246.0,14.4,,,
2016-03-16,14.2,5.8,21.8,0.0,,354.0,11.3,,,
2016-03-17,13.9,7.8,20.8,0.0,,85.0,15.0,,,
2016-03-18,14.5,7.8,20.8,0.0,,,10.0,,,
2016-03-19,16.2,7.8,25.8,0.0,,,7.9,,,
2016-03-20,19.6,9.8,29.8,0.0,,147.0,12.8,,,
2016-03-21,24.0,13.8,32.8,,,209.0,25.9,,,
2016-03-22,24.0,16.8,28.8,0.0,,229.0,44.4,,,
2016-03-23,16.8,,22.2,,,,,,,
2016-03-24,15.2,8.8,20.8,0.0,,258.0,18.1,,,
2016-03-25,12.6,7.8,17.8,0.0,,64.0,18.5,,,
2016-03-26,14.6,7.2,24.8,0.0,,299.0,16.5,,,
2016-03-27,16.9,7.8,25.8,0.0,,117.0,8.9,,,
2016-03-28,17.4,10.8,26.8,0.0,,273.0,11.2,,,
2016-03-29,17.3,11.8,25.8,0.0,,88.0,11.0,,,
2016-03-30,20.5,11.1,32.8,0.0,,,,,,
2016-03-31,23.4,14.8,31.8,0.0,,141.0,17.8,,,
2016-04-01,22.7,15.5,28.0,0.0,,135.0,24.2,,,
2016-04-02,17.7,15.8,20.8,6.4,,263.0,24.9,,,
2016-04-03,16.5,13.8,21.8,4.3,,29.0,17.2,,,
2016-04-04,16.6,11.8,21.8,0.0,,75.0,14.8,,,
2016-04-05,18.0,12.8,22.8,0.0,,76.0,20.8,,,
2016-04-06,16.3,13.8,17.8,0.0,,49.0,19.6,,999.6,
2016-04-07,16.5,13.8,20.8,,,282.0,21.4,,999.8,
2016-04-08,17.9,12.8,23.8,0.0,,247.0,13.7,,1008.8,
2016-04-09,15.8,11.8,19.8,0.0,,169.0,16.7,,1010.8,
2016-04-10,15.6,6.8,22.8,0.0,,233.0,10.3,,1014.4,
2016-04-11,20.0,10.8,30.8,0.0,,161.0,7.1,,,
2016-04-12,23.9,11.8,35.8,0.0,,165.0,11.7,,1014.4,
2016-04-13,28.2,18.8,36.8,,,151.0,20.7,,,
2016-04-14,18.6,13.8,23.8,0.0,,88.0,19.3,,,
2016-04-15,17.5,9.8,25.8,0.0,,89.0,15.4,,1015.8,
2016-04-16,17.1,9.8,25.8,,,85.0,22.9,,,
2016-04-17,18.2,11.8,23.8,,,74.0,17.4,,,
2016-04-18,19.7,13.8,26.8,0.0,,53.0,16.4,,1012.4,
2016-04-19,18.9,12.8,24.8,0.0,,93.0,24.5,,1013.8,
2016-04-20,17.1,10.8,21.8,0.0,,85.0,21.9,,,
2016-04-21,17.5,15.2,27.9,,,95.0,22.3,,,
2016-04-22,17.0,13.8,20.8,0.0,,71.0,22.9,,1016.8,
2016-04-23,18.5,10.8,27.8,0.0,,57.0,10.2,,,
2016-04-24,18.4,13.8,23.8,0.0,,85.0,20.2,,1009.3,
2016-04-25,17.8,12.8,22.8,0.0,,40.0,14.8,,1013.1,
2016-04-26,18.9,11.8,24.8,0.0,,212.0,12.4,,,
2016-04-27,21.9,16.8,28.8,0.0,,80.0,17.1,,1009.6,
2016-04-28,20.1,16.8,25.8,,,67.0,20.8,,,
2016-04-29,19.1,16.8,22.8,,,70.0,31.1,,,
2016-04-30,20.0,16.8,25.8,0.0,,81.0,27.4,,,
2016-05-01,18.3,15.8,21.8,0.0,,64.0,25.6,,,
2016-05-02,16.1,10.8,21.8,6.4,,21.0,17.8,,,
2016-05-03,18.0,8.8,24.8,0.0,,,8.4,,1019.6,
2016-05-04,20.9,11.8,27.8,0.0,,267.0,9.7,,1017.3,
2016-05-05,18.4,14.6,28.3,0.0,,139.0,11.9,,1015.1,
2016-05-06,20.6,16.8,25.8,0.0,,82.0,25.1,,,
2016-05-07,19.2,12.8,23.8,2.3,,83.0,28.4,,,
2016-05-08,17.9,14.8,22.8,51.8,,40.0,16.3,,1010.5,
2016-05-09,19.4,13.8,26.8,0.0,,92.0,26.1,,1013.5,
2016-05-10,26.7,16.8,35.8,0.0,,167.0,20.2,,1010.8,
2016-05-11,31.2,27.8,36.8,0.0,,231.0,37.4,,,
2016-05-12,22.5,17.8,30.8,0.0,,92.0,23.9,,,
2016-05-13,19.7,15.8,23.8,0.0,,89.0,30.9,,1010.6,
2016-05-14,19.5,14.8,24.8,0.0,,96.0,24.0,,1014.0,
2016-05-15,19.6,12.8,25.8,0.0,,82.0,14.2,,,
2016-05-16,20.7,12.8,27.8,0.0,,103.0,14.7,,1018.2,
2016-05-17,20.2,14.8,25.8,0.0,,85.0,24.6,,1017.3,
2016-05-18,20.1,15.8,24.8,0.0,,80.0,19.7,,,
2016-05-19,20.9,17.8,24.8,0.3,,66.0,29.0,,,
2016-05-20,20.5,16.8,26.8,0.0,,61.0,21.9,,1013.9,
2016-05-21,19.9,13.8,25.8,0.0,,25.0,11.2,,,
2016-05-22,23.3,13.8,30.8,0.0,,231.0,10.1,,1018.2,
2016-05-23,24.6,16.8,35.8,0.0,,247.0,20.5,,,
2016-05-24,19.7,14.8,23.8,0.0,,87.0,21.1,,,
2016-05-25,27.2,14.8,38.8,0.0,,143.0,14.7,,,
2016-05-26,26.7,18.8,33.8,,,74.0,12.9,,,
2016-05-27,30.0,20.8,42.8,0.0,,,10.1,,,
2016-05-28,25.4,21.8,30.8,0.0,,88.0,17.3,,1012.9,
2016-05-29,24.1,20.8,27.8,0.0,,92.0,26.6,,975.1,
2016-05-30,21.2,17.8,24.8,0.0,,95.0,26.4,,1016.2,
2016-05-31,21.4,18.8,27.8,0.0,,88.0,28.7,,,
2016-06-01,21.4,17.8,27.8,0.5,,76.0,27.3,,,
2016-06-02,21.0,15.8,26.8,0.0,,90.0,18.6,,,
2016-06-03,23.9,14.8,31.8,,,87.0,17.0,,1011.6,
2016-06-04,23.8,17.8,30.8,0.0,,84.0,21.1,,1010.6,
2016-06-05,22.8,19.8,25.8,0.0,,76.0,38.6,,,
2016-06-06,22.6,18.8,26.8,0.0,,73.0,28.2,,,
2016-06-07,24.3,15.8,30.8,0.0,,87.0,15.8,,,
2016-06-08,24.1,17.8,28.8,0.0,,86.0,20.3,,1016.9,
2016-06-09,25.5,17.8,31.8,0.0,,90.0,16.6,,,
2016-06-10,26.0,20.8,32.8,0.0,,49.0,16.1,,1008.7,
2016-06-11,25.7,18.8,30.8,0.0,,83.0,20.8,,1012.6,
2016-06-12,28.5,20.8,40.8,0.0,,91.0,18.2,,1011.6,
2016-06-13,25.3,20.8,29.8,0.0,,91.0,19.7,,,
2016-06-14,29.5,18.8,37.8,0.0,,246.0,16.0,,1007.9,
2016-06-15,31.6,22.8,39.8,0.0,,64.0,12.9,,1005.8,
2016-06-16,38.3,26.8,44.8,,,205.0,33.2,,,
2016-06-17,25.3,21.8,29.8,,,77.0,29.1,,1012.3,
2016-06-18,23.9,18.8,29.8,0.0,,81.0,22.7,,,
2016-06-19,23.3,19.8,27.8,0.0,,62.0,26.7,,1016.1,
2016-06-20,21.5,16.8,25.8,0.0,,63.0,20.0,,1018.7,
2016-06-21,21.3,16.8,24.8,0.0,,76.0,19.1,,1020.7,
2016-06-22,22.3,14.8,27.8,0.0,,81.0,13.5,,,
2016-06-23,24.3,16.8,30.8,,,93.0,11.6,,1018.2,
2016-06-24,26.4,17.8,33.8,,,37.0,12.1,,1015.5,
2016-06-25,29.4,20.8,36.8,0.0,,238.0,8.7,,1013.6,
2016-06-26,30.1,21.8,37.8,0.0,,86.0,15.8,,1013.2,
2016-06-27,27.7,21.8,33.8,0.0,,61.0,16.5,,1015.4,
2016-06-28,26.4,20.8,31.8,,,93.0,24.7,,1016.8,
2016-06-29,26.2,20.8,31.8,0.0,,91.0,24.7,,,
2016-06-30,30.0,22.8,39.8,0.0,,127.0,21.6,,,
2016-07-01,27.0,22.8,31.8,0.0,,53.0,18.2,,1011.1,
2016-07-02,25.2,22.8,28.8,,,74.0,22.2,,1013.0,
2016-07-03,26.7,21.8,32.8,0.0,,59.0,20.2,,1016.3,
2016-07-04,29.1,19.8,37.8,0.0,,94.0,13.8,,1014.6,
2016-07-05,31.2,22.8,39.8,0.0,,75.0,10.3,,1012.3,
2016-07-06,27.3,27.9,42.3,,,54.0,18.9,,,
2016-07-07,27.2,21.8,32.8,0.0,,80.0,21.9,,,
2016-07-08,25.5,19.8,30.8,0.0,,82.0,14.9,,1019.3,
2016-07-09,26.6,20.8,33.8,0.0,,140.0,12.8,,1016.6,
2016-07-10,30.2,20.8,38.8,,,225.0,12.3,,1013.4,
2016-07-11,33.0,22.8,39.8,0.0,,184.0,13.8,,1009.2,
2016-07-12,31.9,24.8,39.8,0.0,,18.0,10.5,,,
2016-07-13,27.4,26.1,42.2,0.0,,59.0,21.6,,,
2016-07-14,26.3,23.8,29.8,,,77.0,30.2,,1013.5,
2016-07-15,25.0,21.9,34.0,0.0,,40.0,23.2,,1015.7,
2016-07-16,23.5,18.8,27.8,0.0,,79.0,16.7,,1018.5,
2016-07-17,24.1,17.8,29.8,0.0,,97.0,19.3,,1018.1,
2016-07-18,24.4,17.8,29.8,0.0,,90.0,17.5,,,
2016-07-19,24.6,17.8,29.8,0.0,,89.0,13.9,,1016.2,
2016-07-20,26.1,17.8,32.8,0.0,,63.0,12.7,,,
2016-07-21,26.7,18.8,34.8,0.0,,,9.3,,1015.1,
2016-07-22,26.7,19.8,33.8,0.0,,92.0,16.0,,1015.5,
2016-07-23,25.9,19.8,31.8,0.0,,85.0,14.9,,1013.7,
2016-07-24,26.2,19.8,33.8,0.0,,92.0,23.2,,1013.6,
2016-07-25,25.8,22.8,37.4,0.0,,81.0,17.6,,1013.9,
2016-07-26,26.3,20.8,31.8,0.0,,84.0,16.1,,1016.5,
2016-07-27,26.4,20.8,31.8,0.0,,85.0,13.3,,1015.6,
2016-07-28,27.9,19.8,34.8,0.0,,,10.4,,1016.0,
2016-07-29,29.2,21.8,35.8,0.0,,92.0,14.6,,1015.1,
2016-07-30,28.9,19.8,35.8,0.0,,98.0,12.4,,,
2016-07-31,28.6,20.8,35.8,0.0,,83.0,12.2,,,
2016-08-01,31.7,20.8,39.8,0.0,,28.0,8.7,,1014.0,
2016-08-02,29.4,24.8,33.8,0.0,,90.0,21.4,,1014.3,
2016-08-03,26.4,21.8,31.8,0.0,,89.0,19.7,,1015.5,
2016-08-04,26.0,18.8,31.8,,,,11.1,,,
2016-08-05,27.3,18.8,33.8,0.0,,176.0,11.5,,,
2016-08-06,27.7,20.8,32.8,0.0,,86.0,18.2,,,
2016-08-07,26.2,21.9,35.4,0.0,,48.0,16.7,,1016.6,
2016-08-08,26.4,21.8,36.6,0.0,,45.0,14.5,,979.4,
2016-08-09,27.3,19.8,32.8,,,275.0,12.6,,,
2016-08-10,30.7,21.8,38.8,,,119.0,10.1,,1012.5,
2016-08-11,27.0,24.8,29.8,0.0,,70.0,23.1,,,
2016-08-12,24.5,21.8,28.8,0.3,,83.0,18.9,,1020.4,
2016-08-13,24.0,18.8,28.8,0.0,,84.0,17.2,,1020.4,
2016-08-14,24.5,18.8,28.8,0.0,,88.0,16.5,,1019.6,
2016-08-15,25.2,18.8,30.8,0.0,,94.0,17.3,,,
2016-08-16,27.1,20.8,33.8,0.0,,92.0,16.6,,,
2016-08-17,29.5,20.8,37.8,0.0,,143.0,10.1,,1011.1,
2016-08-18,26.8,22.8,31.8,,,70.0,18.7,,1012.1,
2016-08-19,28.0,21.8,33.8,,,90.0,17.9,,1012.4,
2016-08-20,30.5,21.8,38.8,0.0,,146.0,10.7,,1013.6,
2016-08-21,29.4,22.8,35.8,0.0,,63.0,13.9,,,
2016-08-22,27.5,23.8,32.8,0.0,,85.0,22.1,,,
2016-08-23,25.4,20.8,30.8,0.0,,78.0,15.9,,,
2016-08-24,24.3,20.9,33.2,0.0,,36.0,20.7,,,
2016-08-25,24.7,19.8,29.8,0.0,,48.0,13.7,,,
2016-08-26,25.9,20.8,31.8,,,84.0,11.6,,1015.3,
2016-08-27,26.7,19.8,32.8,0.0,,104.0,14.0,,1018.6,
2016-08-28,29.4,20.8,35.8,0.0,,230.0,8.2,,1017.9,
2016-08-29,29.1,24.8,35.8,0.0,,50.0,13.8,,,
2016-08-30,28.7,20.8,35.8,,,88.0,14.9,,,
2016-08-31,29.2,20.8,35.8,0.0,,65.0,13.6,,,
2016-09-01,26.5,23.8,30.8,0.0,,70.0,19.6,,,
2016-09-02,26.0,21.8,29.8,0.0,,85.0,15.9,,,
2016-09-03,26.0,20.8,30.8,4.8,,89.0,14.7,,1018.9,
2016-09-04,26.5,18.8,31.8,0.0,,,10.3,,,
2016-09-05,28.4,18.8,34.8,0.0,,205.0,7.4,,,
2016-09-06,29.1,22.8,37.8,,,352.0,16.0,,,
2016-09-07,25.4,20.8,29.8,0.0,,64.0,14.1,,1011.2,
2016-09-08,25.7,19.8,31.8,0.0,,,10.3,,,
2016-09-09,25.9,19.8,31.8,0.0,,59.0,8.8,,1014.2,
2016-09-10,27.7,20.8,34.8,0.0,,131.0,11.7,,,
2016-09-11,25.1,20.8,28.8,0.5,,79.0,22.7,,,
2016-09-12,25.1,21.8,28.8,0.0,,77.0,15.7,,1014.8,
2016-09-13,26.5,18.8,33.8,0.0,,300.0,8.9,,1014.5,
2016-09-14,28.7,19.8,36.8,4.1,,134.0,11.1,,,
2016-09-15,27.7,24.8,33.8,0.0,,86.0,25.3,,,
2016-09-16,28.5,21.8,35.8,0.0,,57.0,14.8,,1012.4,
2016-09-17,25.2,23.8,27.8,0.0,,75.0,28.2,,1015.5,
2016-09-18,25.1,21.8,29.8,0.0,,84.0,20.2,,,
2016-09-19,24.1,20.8,27.8,0.0,,73.0,23.0,,1014.8,
2016-09-20,23.2,18.8,27.8,0.0,,304.0,11.4,,1015.4,
2016-09-21,24.6,17.8,31.8,0.0,,138.0,10.3,,,
2016-09-22,24.9,19.8,30.8,0.0,,97.0,17.3,,1018.8,
2016-09-23,24.5,19.8,31.8,0.0,,87.0,19.5,,1020.0,
2016-09-24,23.8,16.8,29.8,0.0,,95.0,20.8,,,
2016-09-25,20.8,17.8,24.8,18.0,,18.0,12.7,,1016.8,
2016-09-26,20.5,15.8,24.8,0.0,,15.0,10.2,,1016.8,
2016-09-27,20.1,17.8,23.8,0.0,,47.0,10.0,,1019.2,
2016-09-28,20.2,15.8,23.8,5.8,,45.0,13.9,,,
2016-09-29,20.6,18.8,23.8,0.0,,55.0,15.7,,,
2016-09-30,22.6,18.8,26.8,0.0,,64.0,15.8,,,
2016-10-01,24.0,20.8,29.8,0.0,,124.0,7.4,,1014.9,
2016-10-02,23.9,18.8,28.8,0.0,,60.0,13.5,,1014.8,
2016-10-03,25.0,21.8,29.8,0.0,,75.0,15.0,,1016.1,
2016-10-04,24.3,21.8,27.8,0.0,,73.0,14.7,,1017.5,
2016-10-05,23.8,20.8,27.8,,,85.0,20.0,,1015.1,
2016-10-06,23.2,17.8,27.8,0.0,,88.0,16.4,,1012.3,
2016-10-07,25.1,20.8,33.8,0.0,,349.0,11.6,,1013.2,
2016-10-08,23.9,19.8,28.8,0.0,,90.0,17.5,,,
2016-10-09,22.6,17.8,28.8,0.0,,87.0,16.1,,1016.3,
2016-10-10,22.8,19.8,26.8,9.7,,76.0,14.5,,1014.3,
2016-10-11,21.3,16.8,27.8,0.0,,294.0,7.9,,,
2016-10-12,22.9,15.8,31.8,0.0,,101.0,13.6,,,
2016-10-13,28.5,19.8,36.8,0.0,,176.0,16.9,,,
2016-10-14,28.9,21.8,34.8,0.0,,203.0,25.3,,,
2016-10-15,22.3,18.8,25.8,0.0,,80.0,18.4,,,
2016-10-16,21.7,18.1,29.3,0.0,,52.0,18.8,,,
2016-10-17,21.2,16.8,25.8,,,65.0,15.8,,943.6,
2016-10-18,21.5,16.8,27.8,0.0,,100.0,9.8,,,
2016-10-19,20.9,14.8,26.8,0.0,,96.0,8.9,,1019.3,
2016-10-20,22.0,14.8,29.8,0.0,,240.0,8.0,,1015.7,
2016-10-21,22.7,15.8,31.8,0.0,,191.0,9.7,,,
2016-10-22,23.1,17.8,30.8,0.0,,39.0,12.2,,1014.4,
2016-10-23,23.9,16.8,33.8,0.0,,274.0,7.9,,,
2016-10-24,23.0,16.8,30.8,0.0,,51.0,9.5,,,
2016-10-25,22.4,17.8,28.8,0.0,,90.0,13.7,,1021.0,
2016-10-26,22.6,15.8,30.8,0.0,,248.0,8.9,,1020.1,
2016-10-27,23.1,18.5,33.9,0.0,,41.0,20.0,,1018.2,
2016-10-28,20.1,16.8,23.8,0.0,,29.0,22.6,,1021.5,
2016-10-29,17.1,12.8,20.8,0.0,,27.0,19.5,,,
2016-10-30,17.5,14.8,20.8,0.0,,54.0,13.9,,,
2016-10-31,17.2,11.9,24.9,0.0,,52.0,13.6,,,
2016-11-01,17.7,13.8,21.8,0.0,,59.0,17.6,,,
2016-11-02,18.0,13.8,23.8,0.0,,66.0,7.0,,1020.4,
2016-11-03,17.4,9.8,25.8,0.0,,265.0,7.9,,1018.5,
2016-11-04,18.0,10.8,25.8,0.0,,252.0,11.8,,,
2016-11-05,18.5,10.8,26.8,0.0,,245.0,11.1,,,
2016-11-06,20.5,13.8,27.8,,,243.0,13.9,,1012.2,
2016-11-07,23.7,16.8,27.8,0.0,,232.0,30.5,,1009.4,
2016-11-08,16.5,12.8,24.8,0.0,,249.0,36.2,,1012.0,
2016-11-09,12.9,8.8,17.8,0.0,,249.0,27.1,,,
2016-11-10,14.6,10.8,20.8,0.0,,231.0,22.8,,1021.7,
2016-11-11,13.4,8.8,18.8,0.0,,261.0,10.1,,1021.4,
2016-11-12,14.6,9.4,24.6,0.0,,64.0,11.6,,1020.5,
2016-11-13,15.4,8.8,22.8,0.0,,85.0,10.3,,1022.3,
2016-11-14,16.5,8.8,23.8,0.0,,,10.2,,,
2016-11-15,18.1,11.8,22.8,0.0,,148.0,11.3,,1017.5,
2016-11-16,17.9,15.8,21.8,0.0,,108.0,13.9,,1017.5,
2016-11-17,16.2,15.8,22.5,3.8,,137.0,15.7,,,
2016-11-18,14.1,12.8,16.8,2.5,,115.0,13.5,,1014.5,
2016-11-19,14.4,11.8,17.8,0.5,,289.0,11.0,,1013.9,
2016-11-20,15.1,10.8,19.8,0.0,,31.0,8.9,,1015.4,
2016-11-21,14.3,9.8,19.8,0.0,,261.0,11.5,,1015.5,
2016-11-22,14.2,8.8,20.8,0.0,,247.0,10.2,,1016.8,
2016-11-23,17.5,10.8,25.8,0.0,,114.0,15.2,,1015.5,
2016-11-24,19.2,14.8,22.8,0.0,,163.0,15.3,,1012.2,
2016-11-25,14.1,9.8,18.8,0.0,,44.0,9.1,,1013.2,
2016-11-26,13.1,8.8,18.8,0.0,,31.0,9.6,,,
2016-11-27,13.4,7.8,19.8,0.0,,73.0,4.9,,1011.7,
2016-11-28,13.9,7.8,19.8,0.0,,250.0,10.3,,1009.3,
2016-11-29,13.7,10.8,18.8,0.0,,257.0,12.3,,1016.0,
2016-11-30,12.5,8.8,16.8,,,31.0,19.1,,1026.0,
2016-12-01,10.2,4.1,15.8,0.0,,323.0,13.9,,,
2016-12-02,11.1,7.8,15.8,,,234.0,18.4,,1021.4,
2016-12-03,9.9,3.8,16.8,0.0,,187.0,10.8,,1018.4,
2016-12-04,13.1,6.8,19.8,,,249.0,8.2,,,
2016-12-05,14.9,11.8,19.8,1.0,,80.0,12.1,,1021.0,
2016-12-06,13.4,12.8,14.8,3.3,,76.0,9.7,,1020.4,
2016-12-07,14.2,13.6,17.2,6.1,,,8.4,,1021.0,
2016-12-08,15.4,14.4,21.0,2.0,,91.0,18.7,,,
2016-12-09,14.5,9.8,17.8,1.5,,51.0,13.3,,1027.5,
2016-12-10,13.4,11.8,15.8,0.0,,35.0,10.6,,1027.0,
2016-12-11,13.2,9.8,16.8,0.0,,,5.6,,1023.6,
2016-12-12,12.5,7.8,17.8,0.0,,247.0,14.2,,,
2016-12-13,12.1,6.8,17.8,,,146.0,9.7,,,
2016-12-14,10.7,5.8,16.8,0.0,,86.0,8.1,,1024.7,
2016-12-15,12.6,10.8,14.8,0.0,,65.0,12.3,,1019.2,
2016-12-16,12.1,10.9,13.5,5.1,,35.0,15.0,,1014.3,
2016-12-17,12.1,12.8,16.3,23.1,,325.0,21.4,,1018.7,
2016-12-18,11.5,9.8,15.8,0.5,,85.0,11.7,,,
2016-12-19,12.3,11.7,16.6,0.0,,52.0,16.1,,,
2016-12-20,11.1,7.8,14.8,1.0,,237.0,24.7,,1015.9,
2016-12-21,10.6,7.8,14.8,0.0,,238.0,19.6,,,
2016-12-22,9.4,8.8,17.2,0.0,,342.0,14.3,,,
2016-12-23,11.9,9.8,15.8,,,2.0,12.7,,1029.8,
2016-12-24,11.4,6.8,15.8,0.0,,11.0,9.4,,1031.5,
2016-12-25,11.3,5.8,16.8,0.0,,341.0,8.3,,,
2016-12-26,12.0,8.8,17.8,0.0,,335.0,8.5,,1029.9,
2016-12-27,10.9,5.8,16.8,,,242.0,9.9,,1029.8,
2016-12-28,11.2,6.8,15.8,0.0,,4.0,9.6,,,
2016-12-29,10.7,5.3,16.8,0.0,,1.0,25.8,,1027.9,
2016-12-30,8.9,5.8,11.8,,,7.0,13.9,,1029.2,
2016-12-31,8.7,10.1,13.2,0.0,,5.0,22.6,,989.3,
2017-01-01,7.6,5.8,11.8,,,317.0,9.3,,1026.8,
2017-01-02,7.9,3.8,12.8,0.0,,249.0,15.7,,1026.7,
2017-01-03,8.1,3.8,12.8,0.0,,242.0,31.6,,1024.5,
2017-01-04,7.9,3.8,11.8,0.0,,242.0,23.4,,1020.6,
2017-01-05,8.0,2.8,13.8,0.0,,251.0,19.2,,1017.0,
2017-01-06,8.1,3.8,11.8,,,343.0,10.3,,,
2017-01-07,6.6,-0.2,11.8,0.0,,251.0,10.8,,1026.6,
2017-01-08,7.9,4.8,12.8,0.0,,240.0,18.0,,1024.5,
2017-01-09,7.1,2.8,11.8,0.0,,322.0,19.6,,1016.5,
2017-01-10,6.1,-0.2,11.8,0.0,,285.0,16.7,,1015.6,
2017-01-11,7.9,2.8,12.8,0.0,,217.0,16.4,,1013.2,
2017-01-12,7.7,1.8,12.8,,,51.0,18.5,,1023.0,
2017-01-13,8.1,1.8,14.8,0.0,,238.0,15.1,,1018.5,
2017-01-14,9.1,4.8,12.8,0.0,,341.0,13.2,,1015.8,
2017-01-15,8.2,5.8,11.8,,,317.0,12.4,,1015.4,
2017-01-16,6.1,1.8,10.8,0.0,,238.0,30.1,,1012.4,
2017-01-17,7.4,4.8,10.8,0.0,,240.0,29.1,,1007.6,
2017-01-18,5.4,0.8,8.8,,,239.0,25.2,,1013.5,
2017-01-19,5.3,-0.2,11.8,0.0,,94.0,12.7,,1019.0,
2017-01-20,9.5,2.8,16.8,0.0,,98.0,16.7,,1013.4,
2017-01-21,8.8,3.8,12.8,,,175.0,19.8,,1011.8,
2017-01-22,8.0,1.8,14.8,0.0,,193.0,11.4,,1014.2,
2017-01-23,7.7,7.6,14.4,0.0,,212.0,12.5,,1011.7,
2017-01-24,8.1,3.8,12.8,0.0,,238.0,21.4,,1013.3,
2017-01-25,8.7,2.8,13.8,0.0,,257.0,12.2,,1019.4,
2017-01-26,8.1,1.8,14.8,0.0,,244.0,13.8,,1024.4,
2017-01-27,8.2,1.8,15.8,,,246.0,9.0,,1024.6,
2017-01-28,8.6,1.8,14.8,0.0,,198.0,12.6,,1018.1,
2017-01-29,9.9,3.8,14.8,0.0,,253.0,10.3,,1021.0,
2017-01-30,10.6,6.8,14.8,0.0,,330.0,7.4,,1025.0,
2017-01-31,9.5,3.8,16.8,0.0,,241.0,12.0,,1025.3,
2017-02-01,10.1,3.8,18.8,0.0,,194.0,10.7,,,
2017-02-02,11.6,3.8,19.8,0.0,,80.0,6.5,,1021.7,
2017-02-03,11.8,4.8,19.8,,,,8.1,,,
2017-02-04,12.2,4.8,19.8,0.0,,261.0,17.6,,1023.0,
2017-02-05,15.4,6.8,22.8,0.0,,201.0,18.6,,1017.8,
2017-02-06,11.9,8.8,15.8,,,265.0,25.1,,1015.9,
2017-02-07,12.5,7.8,18.8,0.0,,274.0,20.3,,1016.6,
2017-02-08,12.1,4.8,18.8,0.0,,246.0,18.0,,1014.5,
2017-02-09,9.7,4.8,14.8,1.8,,246.0,24.7,,1013.8,
2017-02-10,9.7,4.8,15.8,0.0,,238.0,21.4,,,
2017-02-11,9.4,1.8,18.8,0.0,,244.0,9.1,,1019.3,
2017-02-12,12.3,1.9,21.8,,,45.0,14.2,,1019.6,
2017-02-13,11.9,7.8,18.8,0.0,,41.0,11.5,,,
2017-02-14,12.5,9.8,16.8,0.0,,66.0,19.9,,1019.7,
2017-02-15,13.7,11.8,17.8,0.0,,83.0,40.1,,,
2017-02-16,13.2,11.8,16.8,0.0,,85.0,32.3,,1028.7,
2017-02-17,13.3,9.8,17.8,0.0,,79.0,21.5,,1024.7,
2017-02-18,11.9,8.6,15.8,0.0,,,,,,
2017-02-19,11.3,6.8,15.8,0.0,,55.0,9.5,,1021.5,
2017-02-20,10.6,6.8,14.8,0.0,,,9.2,,,
2017-02-21,11.0,6.8,16.8,0.0,,88.0,15.4,,,
2017-02-22,12.9,4.8,21.8,0.0,,231.0,7.2,,1022.0,
2017-02-23,15.4,8.8,24.8,0.0,,127.0,9.3,,,
2017-02-24,22.2,12.8,28.8,0.0,,186.0,24.6,,,
2017-02-25,15.2,10.8,20.8,0.0,,102.0,20.2,,1013.0,
2017-02-26,10.4,6.8,13.8,16.8,,39.0,9.6,,1017.3,
2017-02-27,12.1,6.8,17.8,0.0,,309.0,8.9,,,
2017-02-28,13.2,5.8,18.8,0.0,,249.0,16.4,,1017.4,
2017-03-01,13.2,7.8,18.8,0.0,,342.0,14.1,,,
2017-03-02,14.1,7.8,22.8,0.0,,85.0,8.3,,1020.4,
2017-03-03,14.5,5.8,24.8,0.0,,233.0,9.4,,,
2017-03-04,15.5,6.8,25.8,0.0,,117.0,9.3,,1012.3,
2017-03-05,15.2,12.9,27.1,0.0,,26.0,18.1,,,
2017-03-06,15.3,9.8,20.8,0.0,,132.0,11.7,,1020.2,
2017-03-07,17.0,10.8,22.8,0.0,,284.0,16.8,,1016.1,
2017-03-08,15.2,13.2,22.2,0.0,,346.0,24.9,,,
2017-03-09,14.1,7.8,23.0,0.0,,344.0,13.5,,1019.3,
2017-03-10,16.6,7.8,25.8,0.0,,267.0,15.3,,1015.6,
2017-03-11,14.6,8.8,20.8,0.0,,344.0,12.2,,1016.5,
2017-03-12,14.2,5.7,24.9,0.0,,221.0,15.5,,,
2017-03-13,18.1,9.8,26.8,0.0,,247.0,16.0,,1013.9,
2017-03-14,14.0,10.8,16.8,,,63.0,24.1,,1020.6,
2017-03-15,13.5,11.8,15.8,0.0,,72.0,37.3,,,
2017-03-16,10.8,9.7,16.5,0.0,,18.0,38.6,,1016.2,
2017-03-17,11.2,6.8,16.8,0.0,,50.0,15.2,,1022.5,
2017-03-18,11.5,4.8,19.8,0.0,,177.0,8.6,,,
2017-03-19,14.4,4.8,23.8,0.0,,214.0,9.5,,1018.6,
2017-03-20,13.9,10.8,16.0,0.0,,35.0,14.3,,1011.4,
2017-03-21,12.5,9.8,16.8,7.9,,314.0,19.1,,,
2017-03-22,13.2,6.8,19.8,0.0,,152.0,8.7,,1016.4,
2017-03-23,15.4,7.8,22.8,0.0,,128.0,12.1,,,
2017-03-24,16.3,9.8,23.8,0.0,,101.0,21.5,,1015.0,
2017-03-25,18.8,11.8,27.8,0.0,,78.0,14.3,,,
2017-03-26,15.0,12.8,18.8,0.0,,75.0,21.7,,,
2017-03-27,15.7,9.9,26.2,0.0,,19.0,12.3,,,
2017-03-28,15.0,10.8,18.8,0.0,,84.0,15.5,,1020.9,
2017-03-29,13.4,9.8,17.8,3.6,,61.0,13.5,,,
2017-03-30,13.2,7.8,19.8,0.0,,,9.2,,,
2017-03-31,15.0,5.8,22.8,0.0,,242.0,11.6,,,
2017-04-01,17.1,11.8,25.8,0.0,,188.0,16.2,,,
2017-04-02,16.7,11.8,21.8,0.0,,329.0,15.3,,1015.6,
2017-04-03,15.5,7.8,21.8,0.0,,17.0,11.2,,,
2017-04-04,15.4,8.8,20.8,,,320.0,8.6,,,
2017-04-05,16.0,8.9,25.2,0.0,,340.0,9.7,,,
2017-04-06,17.3,8.8,24.8,0.0,,,12.3,,1014.3,
2017-04-07,15.3,13.8,17.8,0.3,,65.0,32.9,,1011.8,
2017-04-08,14.4,13.8,14.8,1.5,,72.0,37.0,,1014.6,
2017-04-09,12.7,11.8,13.8,9.4,,49.0,34.8,,1016.7,
2017-04-10,13.6,11.8,16.8,1.8,,41.0,24.0,,1019.8,
2017-04-11,14.2,9.8,18.8,0.0,,54.0,9.9,,1019.9,
2017-04-12,16.1,9.8,23.8,0.0,,334.0,10.4,,1019.3,
2017-04-13,17.8,10.3,27.7,,,,10.5,,1017.1,
2017-04-14,20.4,12.7,32.1,0.0,,2.0,11.8,,1016.2,
2017-04-15,21.6,11.8,30.8,0.0,,,15.7,,1016.2,
2017-04-16,18.6,14.8,24.8,0.0,,80.0,17.1,,1015.0,
2017-04-17,18.8,10.8,25.8,0.0,,,10.1,,1018.0,
2017-04-18,21.9,12.8,32.6,0.0,,118.0,15.0,,1012.7,
2017-04-19,17.4,14.8,20.8,0.0,,80.0,23.6,,1013.5,
2017-04-20,15.1,14.8,18.6,0.0,,35.0,32.5,,1017.5,
2017-04-21,13.2,11.8,15.8,0.0,,57.0,27.4,,1022.2,
2017-04-22,12.3,7.8,16.8,0.0,,56.0,19.4,,1025.0,
2017-04-23,14.1,5.7,26.3,0.0,,,9.5,,982.3,
2017-04-24,16.2,9.9,28.3,0.0,,59.0,15.4,,1015.6,
2017-04-25,16.6,12.7,29.0,0.0,,46.0,17.1,,1011.1,
2017-04-26,18.4,14.8,24.8,0.0,,68.0,16.9,,1011.7,
2017-04-27,19.2,13.8,26.8,0.0,,82.0,15.0,,1012.0,
2017-04-28,19.9,13.8,25.8,0.0,,92.0,13.5,,1007.9,
2017-04-29,17.9,13.8,22.8,0.0,,81.0,21.8,,1012.1,
2017-04-30,17.6,12.8,23.8,0.0,,93.0,20.9,,1013.5,
2017-05-01,18.6,12.8,25.8,0.0,,91.0,21.8,,1015.7,
2017-05-02,17.1,15.5,28.2,0.0,,,16.8,,1016.9,
2017-05-03,17.6,10.8,22.8,0.0,,88.0,18.6,,1017.5,
2017-05-04,21.7,12.8,29.8,0.0,,92.0,12.2,,1014.9,
2017-05-05,26.4,16.8,35.8,0.0,,132.0,9.4,,1013.9,
2017-05-06,25.9,17.8,35.8,0.0,,60.0,15.1,,1013.7,
2017-05-07,19.2,16.8,22.8,0.0,,91.0,27.9,,1015.0,
2017-05-08,20.4,15.8,26.8,0.0,,68.0,16.3,,1014.5,
2017-05-09,21.9,13.2,31.9,0.0,,227.0,14.2,,1011.0,
2017-05-10,26.8,16.8,37.9,0.0,,,,,,
2017-05-11,34.7,26.9,40.6,0.5,,,18.1,,1002.1,
2017-05-12,27.5,20.8,36.8,2.8,,97.0,22.5,,1007.8,
2017-05-13,21.4,20.8,32.4,0.0,,36.0,26.1,,1015.2,
2017-05-14,19.7,17.8,22.8,0.0,,79.0,24.8,,1019.8,
2017-05-15,16.7,18.6,28.4,0.3,,63.0,29.7,,1021.5,
2017-05-16,19.1,12.8,25.8,0.3,,82.0,12.9,,1021.8,
2017-05-17,19.0,13.8,24.8,0.0,,,11.8,,1019.5,
2017-05-18,21.2,12.8,29.8,0.0,,,8.3,,1015.3,
2017-05-19,25.0,15.8,34.8,0.0,,,11.0,,1014.8,
2017-05-20,20.7,16.8,24.8,,,80.0,26.0,,1019.3,
2017-05-21,20.0,14.8,25.8,0.0,,90.0,19.4,,1019.4,
2017-05-22,20.1,12.8,26.8,0.0,,98.0,12.3,,1018.0,
2017-05-23,23.2,17.1,34.2,0.0,,,17.2,,1016.1,
2017-05-24,22.2,19.6,33.6,0.0,,,,,,
2017-05-25,24.6,18.2,35.3,0.0,,281.0,15.3,,1013.7,
2017-05-26,23.7,21.7,37.0,0.0,,73.0,14.3,,1011.1,
2017-05-27,21.0,19.5,32.9,0.5,,54.0,21.0,,1014.5,
2017-05-28,20.7,18.8,31.6,0.0,,65.0,21.0,,1016.4,
2017-05-29,20.6,18.6,25.3,0.0,,74.0,25.0,,1014.6,
2017-05-30,20.2,14.8,25.8,0.0,,87.0,22.1,,1016.3,
2017-05-31,20.6,15.8,24.8,0.0,,82.0,24.6,,1018.3,
2017-06-01,21.6,17.8,25.8,0.0,,80.0,25.4,,1018.1,
2017-06-02,21.7,19.6,36.0,0.0,,61.0,23.0,,1015.6,
2017-06-03,23.1,,37.3,,,,,,,
2017-06-04,23.4,17.8,29.8,0.0,,80.0,22.8,,1013.0,
2017-06-05,22.1,20.8,35.8,0.0,,35.0,23.7,,1009.0,
2017-06-06,22.1,15.8,27.8,0.0,,15.0,15.0,,1012.5,
2017-06-07,23.2,,34.1,,,,,,,
2017-06-08,24.3,19.0,34.3,0.0,,,10.7,,1017.1,
2017-06-09,27.2,18.8,37.2,0.0,,,14.3,,1013.6,
2017-06-10,25.6,20.8,29.8,0.0,,51.0,15.6,,1014.5,
2017-06-11,23.6,18.8,28.8,0.5,,83.0,17.8,,1014.7,
2017-06-12,22.2,16.8,26.8,0.0,,34.0,18.0,,1014.8,
2017-06-13,22.1,18.5,25.8,0.0,,78.0,16.2,,1014.9,
2017-06-14,23.2,17.3,26.8,0.0,,75.0,15.8,,1014.1,
2017-06-15,25.0,17.8,33.8,0.0,,86.0,16.6,,1014.3,
2017-06-16,24.5,18.8,29.8,0.0,,81.0,14.7,,1015.5,
2017-06-17,26.6,19.8,39.0,,,,7.9,,1013.1,
2017-06-18,26.1,20.8,32.8,0.0,,89.0,18.8,,1012.4,
2017-06-19,24.3,20.8,27.8,0.0,,85.0,24.3,,1016.7,
2017-06-20,23.8,19.9,33.9,0.0,,,13.1,,1018.0,
2017-06-21,25.7,21.6,36.4,0.0,,,12.3,,1015.1,
2017-06-22,25.5,18.8,31.8,0.0,,86.0,13.7,,1015.7,
2017-06-23,24.6,19.8,29.8,0.0,,83.0,20.0,,1018.7,
2017-06-24,25.5,20.5,38.6,0.0,,,10.7,,1016.4,
2017-06-25,28.5,23.3,,0.0,,,,,,
2017-06-26,31.1,20.8,39.8,0.0,,127.0,9.2,,1013.3,
2017-06-27,34.3,29.8,44.1,0.0,,174.0,15.5,,,
2017-06-28,36.0,26.5,44.2,0.0,,,14.8,,1007.9,
2017-06-29,30.4,25.4,43.9,0.0,,73.0,19.4,,1007.6,
2017-06-30,30.4,21.8,38.8,0.0,,,,,1008.3,
2017-07-01,26.5,24.5,36.9,0.0,,14.0,42.0,,1010.5,
2017-07-02,24.6,21.8,34.2,0.0,,21.0,27.2,,1015.8,
2017-07-03,24.1,21.8,34.1,0.0,,25.0,21.6,,1018.2,
2017-07-04,24.5,20.7,35.3,0.0,,,14.2,,1018.1,
2017-07-05,25.2,19.0,37.8,0.0,,,11.4,,1017.7,
2017-07-06,25.4,20.8,36.9,0.0,,63.0,15.2,,1017.7,
2017-07-07,25.9,17.8,32.8,0.0,,87.0,19.1,,1017.9,
2017-07-08,26.2,20.1,37.5,0.0,,,12.8,,1015.3,
2017-07-09,26.2,21.9,38.1,,,,13.6,,1013.9,
2017-07-10,27.5,17.8,36.8,0.0,,84.0,13.3,,1014.1,
2017-07-11,29.4,19.8,37.8,0.0,,,10.6,,1015.5,
2017-07-12,33.0,19.8,43.8,0.0,,252.0,12.8,,1014.4,
2017-07-13,32.0,24.8,39.8,0.0,,,13.5,,1014.3,
2017-07-14,31.9,24.6,43.3,0.0,,,,,,
2017-07-15,30.2,23.8,35.8,0.0,,90.0,17.4,,1010.7,
2017-07-16,27.8,22.8,33.8,0.0,,77.0,15.5,,1013.7,
2017-07-17,25.7,23.5,35.2,0.0,,,19.3,,1014.8,
2017-07-18,25.7,18.8,30.8,0.0,,,13.3,,1017.9,
2017-07-19,28.5,22.3,37.9,0.0,,114.0,14.4,,1015.4,
2017-07-20,30.0,24.5,42.2,0.0,,,13.7,,1010.3,
2017-07-21,30.4,26.3,42.9,0.0,,94.0,17.5,,1010.8,
2017-07-22,31.2,27.5,,0.0,,,,,,
2017-07-23,35.4,28.7,45.9,0.0,,289.0,17.5,,1014.4,
2017-07-24,35.6,30.4,46.3,0.0,,271.0,15.0,,1010.3,
2017-07-25,28.1,24.8,31.8,0.0,,84.0,25.2,,1011.2,
2017-07-26,26.7,23.8,37.1,7.9,,78.0,9.3,,1010.1,
2017-07-27,27.0,22.8,31.8,0.0,,97.0,17.1,,1014.0,
2017-07-28,28.2,23.6,38.9,,,,10.2,,1014.7,
2017-07-29,28.5,24.6,40.3,0.0,,176.0,11.9,,1014.9,
2017-07-30,30.2,25.5,41.3,0.0,,117.0,14.4,,1014.5,
2017-07-31,28.9,22.8,35.8,0.0,,90.0,18.1,,1014.3,
2017-08-01,27.3,23.5,39.7,0.0,,85.0,14.2,,1014.5,
2017-08-02,26.9,22.6,31.8,0.0,,61.0,12.7,,1016.8,
2017-08-03,30.3,25.3,42.0,0.0,,357.0,9.0,,1015.1,
2017-08-04,30.1,19.8,38.8,0.0,,,7.8,,1014.4,
2017-08-05,32.9,22.8,41.8,,,,7.9,,1012.7,
2017-08-06,32.2,26.9,45.1,0.0,,,10.2,,1011.3,
2017-08-07,31.2,26.4,44.9,0.0,,43.0,13.1,,1011.1,
2017-08-08,33.3,27.3,38.8,0.0,,83.0,14.5,,1012.1,
2017-08-09,34.3,25.8,41.8,0.0,,,10.2,,1012.7,
2017-08-10,33.9,29.8,45.0,0.0,,,,,,
2017-08-11,28.2,27.4,41.2,0.0,,39.0,29.6,,1015.4,
2017-08-12,25.9,24.8,36.3,0.0,,39.0,22.1,,1016.7,
2017-08-13,25.7,22.6,36.2,0.0,,54.0,17.1,,1016.6,
2017-08-14,26.9,22.8,40.4,0.0,,74.0,14.8,,1016.4,
2017-08-15,27.1,21.8,31.8,0.0,,84.0,22.6,,1017.3,
2017-08-16,28.1,24.8,30.8,0.0,,,12.5,,977.2,
2017-08-17,27.7,20.8,33.8,0.0,,87.0,13.8,,1015.5,
2017-08-18,27.9,24.6,39.1,0.0,,,11.3,,1014.4,
2017-08-19,29.2,20.8,37.8,0.0,,81.0,10.7,,1014.1,
2017-08-20,28.7,21.8,34.8,0.0,,71.0,13.4,,1014.8,
2017-08-21,27.6,25.7,38.2,0.0,,99.0,13.7,,1013.2,
2017-08-22,25.9,23.7,35.9,0.0,,42.0,17.9,,1014.8,
2017-08-23,25.7,22.8,36.1,0.0,,56.0,15.4,,1015.1,
2017-08-24,25.1,18.8,29.8,0.0,,76.0,15.9,,1017.3,
2017-08-25,26.0,21.8,30.8,0.0,,84.0,19.2,,1018.0,
2017-08-26,25.0,18.8,30.8,0.0,,72.0,13.8,,1017.5,
2017-08-27,25.0,15.8,32.8,0.0,,85.0,11.6,,1016.3,
2017-08-28,26.8,20.9,39.1,0.0,,,,,,
2017-08-29,27.4,17.8,35.8,0.0,,,8.4,,1013.4,
2017-08-30,28.9,21.9,39.1,,,,10.3,,1012.4,
2017-08-31,26.7,23.9,37.0,0.0,,,16.2,,1014.3,
2017-09-01,27.9,21.8,33.8,0.0,,90.0,18.0,,1015.0,
2017-09-02,28.3,23.5,42.1,0.0,,86.0,24.8,,1011.9,
2017-09-03,24.5,21.9,33.6,0.0,,34.0,28.5,,1015.2,
2017-09-04,25.8,21.3,34.9,0.0,,106.0,15.1,,1015.1,
2017-09-05,24.4,20.8,28.8,0.0,,73.0,14.7,,1018.9,
2017-09-06,25.2,19.8,29.8,,,89.0,19.2,,1018.3,
2017-09-07,25.6,22.8,28.8,0.0,,74.0,24.1,,1013.4,
2017-09-08,25.1,21.8,30.8,0.0,,56.0,22.8,,1012.4,
2017-09-09,26.9,19.8,34.8,0.0,,,11.7,,1010.8,
2017-09-10,29.4,21.8,38.8,0.0,,206.0,24.9,,1005.8,
2017-09-11,21.5,17.7,29.5,0.0,,279.0,21.5,,1012.5,
2017-09-12,23.6,13.8,32.8,0.0,,163.0,10.5,,1016.8,
2017-09-13,24.1,15.8,32.8,0.0,,,13.2,,1019.6,
2017-09-14,25.9,19.8,34.8,0.0,,73.0,11.0,,1018.0,
2017-09-15,28.0,19.8,37.4,0.0,,136.0,12.4,,1011.9,
2017-09-16,28.9,20.5,37.0,0.0,,116.0,14.3,,1009.5,
2017-09-17,25.6,21.8,29.8,0.0,,,23.2,,1014.0,
2017-09-18,24.3,19.3,35.1,0.0,,45.0,19.4,,1014.6,
2017-09-19,24.2,19.8,28.8,0.0,,64.0,21.5,,1015.1,
2017-09-20,21.1,20.8,29.2,0.0,,24.0,16.7,,1018.3,
2017-09-21,21.5,14.8,26.8,0.0,,92.0,16.3,,1019.2,
2017-09-22,22.5,17.8,27.8,0.0,,86.0,21.0,,1018.0,
2017-09-23,23.6,22.8,27.0,,,58.0,14.6,,979.6,
2017-09-24,24.4,18.3,30.6,0.5,,163.0,12.9,,1016.6,
2017-09-25,23.4,21.8,32.4,0.0,,45.0,18.2,,1017.2,
2017-09-26,23.8,19.3,33.2,0.0,,115.0,12.5,,1016.1,
2017-09-27,23.2,18.8,27.8,0.0,,74.0,22.6,,1017.4,
2017-09-28,22.6,19.8,25.8,4.1,,67.0,19.6,,1020.8,
2017-09-29,21.6,18.3,25.8,0.0,,16.0,17.2,,1018.7,
2017-09-30,21.2,18.9,30.2,0.0,,,8.8,,1017.4,
2017-10-01,22.5,18.5,25.8,0.0,,136.0,11.0,,1017.8,
2017-10-02,19.4,14.8,25.8,0.0,,60.0,14.5,,1018.2,
2017-10-03,17.5,15.8,19.8,1.0,,16.0,16.0,,1016.5,
2017-10-04,19.7,16.8,23.8,0.0,,316.0,11.9,,1017.3,
2017-10-05,19.0,15.8,23.8,50.5,,287.0,13.7,,1018.3,
2017-10-06,21.1,14.8,26.8,0.0,,,10.6,,1016.0,
2017-10-07,21.1,20.8,28.1,0.0,,,17.8,,1016.1,
2017-10-08,18.9,15.7,22.8,0.0,,24.0,14.0,,1019.6,
2017-10-09,20.2,12.8,28.8,0.0,,,9.6,,1018.9,
2017-10-10,21.9,17.9,29.6,0.0,,120.0,12.5,,1019.1,
2017-10-11,22.0,18.9,29.9,0.0,,,13.7,,1021.2,
2017-10-12,20.9,19.3,29.3,0.0,,53.0,12.8,,1023.8,
2017-10-13,19.1,16.6,28.2,0.0,,,9.9,,1025.3,
2017-10-14,18.1,12.8,23.8,0.0,,,9.4,,1025.5,
2017-10-15,18.7,16.3,27.0,0.0,,93.0,9.6,,1025.6,
2017-10-16,18.3,14.7,27.6,0.0,,,7.7,,1026.0,
2017-10-17,19.4,13.4,27.5,0.0,,,9.1,,1023.3,
2017-10-18,20.3,13.4,27.3,0.0,,130.0,8.8,,1019.1,
2017-10-19,22.1,12.7,29.1,0.0,,135.0,14.0,,1014.9,
2017-10-20,19.1,15.8,24.8,0.0,,,14.2,,1013.5,
2017-10-21,18.6,13.8,22.8,0.5,,49.0,15.1,,1017.0,
2017-10-22,19.8,16.6,27.9,0.0,,,10.7,,1019.2,
2017-10-23,19.5,16.8,23.8,0.0,,,9.5,,1019.1,
2017-10-24,18.6,15.8,22.1,0.0,,316.0,25.5,,1017.7,
2017-10-25,17.1,10.8,22.8,0.0,,341.0,14.6,,1021.8,
2017-10-26,16.4,9.8,21.8,0.0,,1.0,10.9,,1026.2,
2017-10-27,17.4,10.8,23.8,0.0,,246.0,17.2,,1023.4,
2017-10-28,18.5,9.8,25.8,0.0,,303.0,14.8,,1018.0,
2017-10-29,17.7,10.8,22.8,0.0,,,8.8,,1019.5,
2017-10-30,17.6,10.8,24.8,0.0,,255.0,14.5,,1016.8,
2017-10-31,17.5,11.6,26.4,0.0,,135.0,10.7,,1018.1,
2017-11-01,17.2,9.8,25.8,0.0,,,8.3,,1020.2,
2017-11-02,17.0,9.8,24.8,0.0,,,6.5,,1021.7,
2017-11-03,19.1,12.7,27.0,0.0,,200.0,15.6,,1017.1,
2017-11-04,22.0,20.8,27.4,0.0,,255.0,24.6,,1014.7,
2017-11-05,20.5,12.8,26.8,0.0,,244.0,22.8,,1015.2,
2017-11-06,18.2,17.8,25.1,0.0,,,13.4,,973.6,
2017-11-07,13.7,11.7,20.7,0.0,,337.0,18.2,,1015.5,
2017-11-08,12.6,5.8,20.8,0.0,,249.0,11.8,,1021.5,
2017-11-09,16.2,7.8,24.7,0.0,,139.0,18.1,,1017.9,
2017-11-10,15.4,11.8,18.8,0.0,,39.0,21.3,,1014.3,
2017-11-11,12.5,10.8,16.8,7.1,,5.0,46.0,,1009.1,
2017-11-12,14.8,13.0,22.4,1.0,,335.0,40.1,,1011.1,
2017-11-13,14.4,11.8,18.8,0.0,,234.0,22.3,,1009.3,
2017-11-14,10.0,8.8,17.0,3.3,,269.0,30.8,,1008.1,
2017-11-15,10.6,8.8,16.9,0.0,,,,,,
2017-11-16,12.6,9.2,20.6,0.0,,263.0,32.2,,1014.9,
2017-11-17,12.9,6.8,18.8,0.0,,249.0,12.9,,1017.1,
2017-11-18,12.4,6.8,18.8,0.0,,249.0,11.8,,,
2017-11-19,12.0,5.8,18.8,0.0,,281.0,9.0,,1019.5,
2017-11-20,11.2,7.4,22.1,0.0,,,10.6,,1023.0,
2017-11-21,11.7,6.8,18.8,0.0,,,7.1,,1023.4,
2017-11-22,11.1,4.8,17.8,0.0,,153.0,6.9,,1021.0,
2017-11-23,13.2,9.8,16.8,0.0,,,7.2,,1019.0,
2017-11-24,14.5,10.8,18.8,1.5,,49.0,11.0,,1021.1,
2017-11-25,14.4,9.8,19.8,0.0,,242.0,12.0,,1022.5,
2017-11-26,13.9,10.8,19.8,0.0,,227.0,23.0,,1021.4,
2017-11-27,11.6,8.1,17.5,0.0,,19.0,21.7,,1025.8,
2017-11-28,9.8,5.1,16.9,0.0,,270.0,15.6,,1023.2,
2017-11-29,13.8,8.8,17.8,0.0,,228.0,28.5,,1015.3,
2017-11-30,18.9,11.3,19.4,0.0,,194.0,11.3,,1008.8,
2017-12-01,10.9,11.6,18.8,5.1,,2.0,24.4,,1010.2,
2017-12-02,9.0,5.9,13.0,6.1,,,15.1,,1014.3,
2017-12-03,7.5,3.8,11.8,0.0,,235.0,23.2,,1022.1,
2017-12-04,6.9,0.8,13.8,0.0,,302.0,10.2,,1029.4,
2017-12-05,7.6,2.8,13.8,0.0,,,10.8,,1033.5,
2017-12-06,9.6,3.8,13.8,0.0,,17.0,11.1,,1033.7,
2017-12-07,10.2,7.8,12.8,0.0,,,8.0,,1031.6,
2017-12-08,11.0,8.8,13.8,0.0,,25.0,5.6,,1027.3,
2017-12-09,9.8,6.8,14.8,0.0,,240.0,20.7,,1022.1,
2017-12-10,9.4,3.8,15.8,0.0,,242.0,11.3,,1021.8,
2017-12-11,11.5,5.8,17.8,0.0,,170.0,16.2,,1016.8,
2017-12-12,11.3,4.8,19.8,0.0,,131.0,10.0,,1017.5,
2017-12-13,11.3,6.4,23.0,0.0,,316.0,12.5,,1022.3,
2017-12-14,11.0,3.8,17.8,0.0,,232.0,15.2,,1023.2,
2017-12-15,11.3,7.6,16.8,0.0,,200.0,13.3,,1015.5,
2017-12-16,11.1,8.8,14.8,0.0,,245.0,19.6,,1013.0,
2017-12-17,9.8,4.8,12.8,0.0,,324.0,10.8,,1021.3,
2017-12-18,7.2,1.8,12.8,0.0,,,9.2,,1024.7,
2017-12-19,7.5,2.9,14.5,0.0,,55.0,13.8,,1024.2,
2017-12-20,8.9,6.9,14.3,0.0,,49.0,28.7,,1023.6,
2017-12-21,8.4,5.8,11.8,0.0,,11.0,24.2,,1021.8,
2017-12-22,7.9,2.4,15.9,0.0,,,,,,
2017-12-23,9.0,3.8,15.8,0.0,,336.0,14.2,,1027.8,
2017-12-24,8.4,2.7,16.3,0.0,,337.0,16.3,,1031.0,
2017-12-25,7.7,2.8,16.1,0.0,,,10.1,,1029.8,
2017-12-26,7.3,1.8,12.8,0.0,,228.0,15.0,,1024.7,
2017-12-27,9.7,7.8,14.8,,,208.0,26.3,,1014.4,
2017-12-28,11.0,11.5,16.5,0.0,,245.0,27.0,,1010.0,
2017-12-29,13.1,9.8,18.8,0.0,,255.0,19.4,,1017.0,
2017-12-30,13.1,7.2,22.4,0.0,,231.0,13.2,,1024.8,
2017-12-31,12.5,4.8,17.8,0.0,,242.0,21.9,,1026.1,
2018-01-01,11.9,3.9,22.0,0.0,,239.0,15.1,,1025.6,
2018-01-02,10.0,3.5,20.9,0.0,,233.0,13.5,,1025.9,
2018-01-03,11.1,5.9,21.0,0.0,,258.0,11.1,,1026.4,
2018-01-04,13.4,8.8,18.8,0.0,,235.0,25.7,,1023.2,
2018-01-05,13.2,7.8,19.8,0.0,,248.0,18.8,,1018.8,
2018-01-06,13.7,4.4,21.1,0.0,,155.0,9.2,,1013.1,
2018-01-07,14.3,3.9,18.5,0.0,,129.0,18.2,,1010.8,
2018-01-08,15.4,9.8,19.8,0.0,,190.0,17.6,,1014.6,
2018-01-09,11.4,7.8,15.8,0.0,,343.0,8.6,,1018.0,
2018-01-10,10.2,4.6,17.2,2.0,,275.0,20.8,,1020.2,
2018-01-11,11.6,7.8,15.8,0.0,,240.0,26.8,,1017.1,
2018-01-12,10.3,5.5,15.1,0.0,,262.0,32.7,,1014.8,
2018-01-13,9.0,4.8,13.8,0.0,,236.0,17.7,,1022.0,
2018-01-14,8.1,1.8,13.8,0.0,,,16.8,,1022.1,
2018-01-15,8.5,2.8,14.8,,,109.0,6.7,,1023.1,
2018-01-16,8.7,0.8,17.8,0.0,,,7.2,,1026.1,
2018-01-17,10.5,3.8,16.8,,,244.0,24.5,,1021.5,
2018-01-18,9.1,5.7,19.9,0.0,,21.0,14.8,,1024.1,
2018-01-19,8.3,-0.2,16.8,0.0,,127.0,9.8,,1016.9,
2018-01-20,10.8,6.8,15.8,0.0,,357.0,15.5,,1015.9,
2018-01-21,10.5,3.8,16.8,0.0,,240.0,22.5,,1019.0,
2018-01-22,14.5,12.8,25.4,,,257.0,22.3,,1019.8,
2018-01-23,13.1,10.7,24.3,0.0,,270.0,12.0,,,
2018-01-24,10.3,8.8,19.3,0.0,,14.0,16.0,,1028.0,
2018-01-25,9.3,5.8,16.8,0.0,,,5.7,,1027.5,
2018-01-26,10.5,7.7,18.8,0.0,,148.0,14.7,,1022.1,
2018-01-27,10.4,3.8,17.8,,,122.0,9.7,,1022.1,
2018-01-28,9.8,4.8,15.8,0.0,,80.0,15.0,,1029.1,
2018-01-29,9.7,5.8,14.8,0.0,,42.0,8.7,,1031.8,
2018-01-30,9.0,2.8,15.8,0.0,,105.0,9.7,,1030.1,
2018-01-31,10.0,1.8,18.8,0.0,,67.0,6.9,,,
2018-02-01,10.9,4.8,17.1,0.0,,,12.0,,1017.4,
2018-02-02,15.5,10.8,17.8,7.1,,158.0,21.3,,1010.4,
2018-02-03,10.1,7.8,15.8,1.3,,241.0,19.5,,1011.5,
2018-02-04,8.3,3.8,11.8,0.0,,14.0,10.1,,1016.3,
2018-02-05,8.5,2.8,15.8,0.0,,241.0,9.0,,1014.2,
2018-02-06,11.1,2.8,19.8,,,205.0,17.8,,1008.3,
2018-02-07,8.7,2.8,13.8,0.0,,241.0,25.8,,1013.7,
2018-02-08,7.0,0.8,12.8,0.0,,263.0,9.0,,1017.2,
2018-02-09,6.6,1.8,10.8,0.0,,9.0,13.9,,1009.7,
2018-02-10,7.9,3.8,12.8,,,240.0,20.1,,1011.0,
2018-02-11,7.2,0.8,12.8,0.0,,323.0,7.1,,1015.5,
2018-02-12,8.4,1.8,13.8,0.0,,243.0,23.5,,1019.6,
2018-02-13,11.1,6.9,18.2,0.0,,290.0,14.0,,1018.0,
2018-02-14,10.3,,17.4,,,,,,,
2018-02-15,11.5,8.0,14.9,0.0,,,,,1022.0,
2018-02-16,12.3,,19.9,0.0,,,,,,
2018-02-17,12.2,11.1,18.6,0.0,,141.0,11.3,,1021.2,
2018-02-18,11.9,11.9,18.1,0.0,,,6.1,,1016.2,
2018-02-19,11.0,,19.4,0.0,,,,,,
2018-02-20,11.4,8.8,13.8,0.0,,240.0,12.4,,1010.0,
2018-02-21,11.7,9.7,17.2,0.0,,247.0,18.4,,1004.0,
2018-02-22,11.9,6.8,18.8,0.0,,114.0,15.8,,1000.3,
2018-02-23,8.4,5.3,14.1,27.4,,266.0,32.6,,1003.5,
2018-02-24,11.4,2.8,19.8,0.0,,138.0,12.0,,1006.4,
2018-02-25,11.1,9.4,18.7,0.0,,282.0,15.1,,1005.7,
2018-02-26,10.6,3.8,16.8,0.0,,235.0,16.5,,1008.2,
2018-02-27,10.0,7.4,17.0,0.0,,78.0,14.9,,,
2018-02-28,13.9,4.8,21.8,3.0,,228.0,19.8,,1012.2,
2018-03-01,21.9,11.8,27.3,0.0,,172.0,21.9,,1005.1,
2018-03-02,20.9,16.8,25.8,0.0,,234.0,16.7,,1006.8,
2018-03-03,19.7,12.8,26.8,0.0,,249.0,14.7,,1006.2,
2018-03-04,19.3,15.4,26.6,0.0,,161.0,28.9,,1000.1,
2018-03-05,17.2,11.4,22.3,0.0,,216.0,18.7,,1002.6,
2018-03-06,17.9,13.8,20.8,0.0,,243.0,31.9,,1003.7,
2018-03-07,18.8,11.7,24.1,0.0,,224.0,15.4,,1009.6,
2018-03-08,14.6,10.8,20.8,0.0,,91.0,20.2,,1016.0,
2018-03-09,15.8,12.8,27.2,0.3,,64.0,10.3,,1016.8,
2018-03-10,18.8,10.8,27.4,0.0,,118.0,11.5,,1016.9,
2018-03-11,19.9,10.6,27.9,0.0,,122.0,16.5,,1010.4,
2018-03-12,16.9,9.6,24.5,0.0,,301.0,15.4,,1015.3,
2018-03-13,15.2,13.5,23.2,,,84.0,19.9,,979.4,
2018-03-14,14.0,10.5,25.4,0.0,,161.0,12.7,,1015.2,
2018-03-15,21.0,13.8,28.2,0.0,,171.0,16.5,,1010.9,
2018-03-16,25.2,13.8,32.8,0.0,,132.0,21.2,,1003.1,
2018-03-17,15.9,10.8,25.8,0.0,,89.0,16.4,,1002.8,
2018-03-18,16.9,8.3,22.8,0.0,,216.0,24.7,,1005.5,
2018-03-19,14.8,11.8,18.8,0.0,,,17.0,,,
2018-03-20,16.6,7.8,22.8,0.0,,244.0,31.4,,1008.3,
2018-03-21,12.0,5.8,15.8,0.0,,37.0,23.3,,1010.2,
2018-03-22,8.7,4.9,15.1,11.9,,274.0,38.2,,1008.9,
2018-03-23,10.2,5.8,14.8,0.0,,249.0,25.1,,1011.0,
2018-03-24,13.7,8.8,18.8,0.0,,236.0,28.7,,1004.7,
2018-03-25,13.0,6.8,16.8,0.0,,252.0,37.4,,1004.0,
2018-03-26,13.1,6.8,18.8,0.0,,247.0,18.6,,,
2018-03-27,14.6,9.6,19.9,0.5,,,,,1019.8,
2018-03-28,16.3,8.5,24.2,0.0,,,,,,
2018-03-29,19.1,10.6,27.1,0.0,,,,,,
2018-03-30,19.0,9.9,29.5,0.0,,,,,,
2018-03-31,22.9,10.3,27.5,0.0,,,,,,
2018-04-01,15.3,11.8,18.8,0.0,,103.0,19.6,,1018.4,
2018-04-02,17.0,10.8,25.8,0.0,,118.0,15.9,,1017.0,
2018-04-03,18.0,13.8,30.9,0.0,,102.0,18.0,,,
2018-04-04,19.4,15.5,30.0,0.0,,21.0,19.8,,1012.4,
2018-04-05,17.4,14.8,28.8,0.0,,33.0,15.5,,1017.7,
2018-04-06,17.5,10.4,19.8,0.0,,,11.6,,1017.6,
2018-04-07,17.0,13.4,28.9,0.0,,46.0,19.3,,,
2018-04-08,20.6,13.4,32.4,0.0,,96.0,26.5,,1005.0,
2018-04-09,15.9,10.3,24.6,0.0,,41.0,20.7,,1013.2,
2018-04-10,14.4,10.8,16.8,0.0,,86.0,24.6,,,
2018-04-11,18.8,,28.2,0.0,,,,,,
2018-04-12,17.2,13.8,21.8,0.0,,73.0,15.0,,,
2018-04-13,16.1,,27.7,0.0,,,,,,
2018-04-14,19.6,14.8,26.8,0.0,,75.0,26.1,,,
2018-04-15,18.0,13.8,22.8,3.6,,257.0,26.7,,1007.5,
2018-04-16,18.4,10.8,25.8,0.0,,,10.1,,1016.8,
2018-04-17,15.6,11.8,21.8,0.0,,78.0,17.4,,1018.5,
2018-04-18,15.0,12.8,18.8,4.8,,62.0,16.6,,1021.0,
2018-04-19,15.9,12.8,23.8,0.0,,51.0,20.2,,1020.6,
2018-04-20,15.9,13.9,26.1,0.0,,,15.7,,1018.9,
2018-04-21,17.6,14.6,28.4,0.0,,,10.2,,1018.6,
2018-04-22,20.1,10.8,27.8,0.0,,89.0,12.0,,1016.8,
2018-04-23,18.8,13.8,24.8,0.0,,,15.6,,1017.2,
2018-04-24,20.9,13.8,27.8,0.0,,82.0,22.8,,1017.2,
2018-04-25,20.4,16.3,31.6,0.0,,82.0,13.6,,1014.1,
2018-04-26,20.1,15.8,26.8,0.0,,62.0,21.4,,1006.5,
2018-04-27,20.6,14.8,27.8,,,,14.0,,1005.6,
2018-04-28,19.3,14.8,24.8,0.0,,,14.1,,1010.2,
2018-04-29,22.6,15.0,30.9,0.0,,,,,,
2018-04-30,19.0,15.8,23.8,0.0,,89.0,27.3,,1015.0,
2018-05-01,23.4,14.8,33.8,0.0,,100.0,30.2,,1003.0,
2018-05-02,15.9,,27.2,0.0,,,,,,
2018-05-03,17.2,9.8,23.8,5.1,,253.0,22.3,,1007.1,
2018-05-04,18.2,12.5,26.5,0.0,,,,,,
2018-05-05,18.6,10.8,25.8,0.0,,71.0,12.8,,1011.5,
2018-05-06,18.3,13.9,29.1,0.0,,,16.6,,1013.0,
2018-05-07,18.5,14.9,30.1,0.0,,46.0,16.3,,,
2018-05-08,18.1,14.9,29.7,0.0,,57.0,27.8,,1006.6,
2018-05-09,18.1,15.8,21.8,0.0,,71.0,26.0,,1008.2,
2018-05-10,20.1,13.8,25.8,1.0,,,12.7,,1013.0,
2018-05-11,21.2,13.8,26.8,3.6,,,11.0,,1017.1,
2018-05-12,21.8,17.6,31.6,0.0,,66.0,13.3,,1014.6,
2018-05-13,25.7,14.8,34.8,0.0,,,15.6,,1012.5,
2018-05-14,18.3,15.8,20.8,0.0,,78.0,30.5,,1015.3,
2018-05-15,16.6,13.8,19.8,,,70.0,24.5,,1014.8,
2018-05-16,16.7,14.8,19.8,0.0,,78.0,27.7,,1014.6,
2018-05-17,18.4,15.3,28.5,0.5,,,,,,
2018-05-18,18.7,16.8,22.8,0.0,,70.0,26.5,,1010.7,
2018-05-19,18.9,17.4,19.8,0.0,,35.0,29.0,,,
2018-05-20,19.4,16.8,23.8,0.0,,60.0,23.4,,1010.2,
2018-05-21,20.1,16.8,23.8,0.0,,67.0,18.0,,,
2018-05-22,20.3,16.8,24.8,1.5,,66.0,19.3,,1012.8,
2018-05-23,21.0,15.4,30.9,6.9,,46.0,15.5,,,
2018-05-24,22.5,,33.0,0.0,,,,,,
2018-05-25,23.1,18.2,35.6,0.0,,,14.3,,,
2018-05-26,22.4,17.8,27.8,0.0,,81.0,22.7,,1015.6,
2018-05-27,24.3,16.8,32.8,0.0,,82.0,18.2,,1014.1,
2018-05-28,23.9,,37.1,,,,,,,
2018-05-29,28.2,22.8,37.0,,,61.0,21.7,,1006.5,
2018-05-30,22.4,18.8,26.8,0.0,,82.0,23.0,,1013.1,
2018-05-31,20.5,19.7,32.9,0.0,,48.0,24.9,,1015.5,
2018-06-01,20.6,18.8,22.8,0.0,,75.0,25.4,,1016.1,
2018-06-02,21.7,15.8,26.8,0.0,,77.0,16.9,,1014.6,
2018-06-03,25.5,18.8,32.8,0.0,,64.0,13.6,,1011.5,
2018-06-04,22.6,19.8,27.8,0.0,,77.0,21.5,,1011.9,
2018-06-05,22.7,19.4,35.7,0.0,,40.0,17.8,,1012.3,
2018-06-06,21.5,17.8,24.8,,,75.0,33.2,,1011.0,
2018-06-07,24.9,19.8,31.8,0.0,,34.0,22.8,,1010.3,
2018-06-08,22.8,17.8,26.8,0.0,,82.0,16.2,,1015.4,
2018-06-09,25.2,19.5,36.9,0.0,,112.0,14.4,,1013.9,
2018-06-10,26.5,21.6,39.5,0.0,,,,,,
2018-06-11,27.6,20.8,39.8,0.0,,77.0,22.3,,1007.2,
2018-06-12,23.7,21.6,37.9,0.0,,,,,,
2018-06-13,22.6,17.8,27.8,0.0,,81.0,27.1,,1010.6,
2018-06-14,23.7,20.7,33.3,0.0,,,15.4,,1009.8,
2018-06-15,24.7,18.2,34.2,0.3,,,16.0,,1011.0,
2018-06-16,24.7,17.8,30.8,0.0,,95.0,13.1,,1013.8,
2018-06-17,26.1,20.8,36.2,0.0,,78.0,16.2,,1015.3,
2018-06-18,24.5,18.8,30.8,0.0,,94.0,17.3,,1015.3,
2018-06-19,23.4,18.8,27.8,0.0,,76.0,16.4,,1015.3,
2018-06-20,23.4,18.8,27.8,0.3,,58.0,16.1,,1016.8,
2018-06-21,24.0,17.8,29.8,0.0,,85.0,13.7,,1016.6,
2018-06-22,26.5,20.3,36.9,0.0,,,,,,
2018-06-23,26.9,22.4,38.2,0.0,,69.0,12.2,,1013.5,
2018-06-24,26.1,22.8,38.0,0.0,,74.0,19.5,,1013.3,
2018-06-25,24.2,,36.3,0.5,,,,,,
2018-06-26,24.7,20.9,34.2,0.0,,,15.9,,1012.9,
2018-06-27,25.2,19.5,34.4,0.0,,357.0,12.7,,1013.6,
2018-06-28,26.4,17.8,33.8,0.0,,,14.9,,,
2018-06-29,31.8,20.8,40.8,0.0,,,16.2,,1009.7,
2018-06-30,28.6,22.9,43.9,0.0,,54.0,17.6,,1008.1,
2018-07-01,30.5,20.8,43.8,0.0,,71.0,10.4,,1010.2,
2018-07-02,28.4,22.8,35.8,0.0,,51.0,15.1,,1012.1,
2018-07-03,27.3,22.8,32.8,0.0,,85.0,21.3,,1015.3,
2018-07-04,28.6,25.2,35.6,0.0,,,11.8,,1015.4,
2018-07-05,32.0,22.8,41.8,0.0,,,15.2,,1013.4,
2018-07-06,27.9,,40.9,0.0,,,,,,
2018-07-07,27.6,22.8,32.8,0.0,,90.0,22.8,,1017.5,
2018-07-08,28.6,22.5,42.4,0.0,,88.0,13.7,,1015.1,
2018-07-09,28.3,23.8,31.8,0.0,,57.0,22.8,,1013.4,
2018-07-10,26.2,20.8,30.8,0.0,,78.0,20.2,,1015.0,
2018-07-11,29.5,19.8,37.8,0.0,,,11.6,,1014.8,
2018-07-12,32.7,23.8,39.8,0.0,,,12.0,,1014.3,
2018-07-13,34.5,25.8,45.4,0.0,,129.0,15.5,,1014.5,
2018-07-14,36.3,26.8,44.8,0.0,,268.0,16.0,,1014.3,
2018-07-15,30.5,27.6,42.9,0.0,,66.0,17.0,,1013.3,
2018-07-16,31.9,24.8,38.8,0.0,,92.0,20.9,,1013.7,
2018-07-17,28.1,25.9,39.2,0.0,,,19.0,,1013.0,
2018-07-18,27.9,,40.0,0.0,,,,,,
2018-07-19,30.8,24.8,45.0,0.0,,,,,,
2018-07-20,29.2,23.8,33.8,0.0,,82.0,19.1,,1013.9,
2018-07-21,32.6,24.8,37.8,0.0,,79.0,15.1,,1012.6,
2018-07-22,31.1,25.8,37.8,0.0,,62.0,16.2,,1011.3,
2018-07-23,28.7,24.8,37.8,0.0,,74.0,20.3,,1011.8,
2018-07-24,27.3,22.8,31.8,0.0,,87.0,18.3,,1013.2,
2018-07-25,28.1,21.8,33.8,0.0,,91.0,16.2,,1013.2,
2018-07-26,29.7,20.8,36.8,0.0,,90.0,19.1,,1011.6,
2018-07-27,27.7,23.8,32.8,0.0,,75.0,23.7,,1010.7,
2018-07-28,27.4,22.8,32.8,0.0,,78.0,19.1,,1011.6,
2018-07-29,28.2,20.8,34.8,0.0,,78.0,17.4,,1013.0,
2018-07-30,28.4,20.8,34.8,0.0,,82.0,17.2,,1012.8,
2018-07-31,28.2,22.8,33.8,0.0,,82.0,18.3,,1013.1,
2018-08-01,27.0,21.8,32.8,0.0,,84.0,16.9,,1014.1,
2018-08-02,27.9,20.8,33.8,0.0,,79.0,13.4,,1014.7,
2018-08-03,27.6,21.8,33.8,0.0,,73.0,16.1,,1013.7,
2018-08-04,27.6,23.8,31.8,3.6,,54.0,14.1,,1013.2,
2018-08-05,26.2,22.8,29.8,2.3,,62.0,19.9,,1012.2,
2018-08-06,25.7,23.8,28.8,0.0,,50.0,22.7,,1012.9,
2018-08-07,24.5,20.8,28.8,1.5,,54.0,16.1,,1013.2,
2018-08-08,25.9,21.8,31.8,1.3,,66.0,10.8,,1013.7,
2018-08-09,27.7,22.8,31.8,0.0,,84.0,20.5,,1014.4,
2018-08-10,27.5,23.8,31.8,0.0,,82.0,20.5,,1017.7,
2018-08-11,27.6,22.8,31.8,0.0,,79.0,15.3,,1018.7,
2018-08-12,27.3,21.8,31.8,0.3,,70.0,10.9,,1016.6,
2018-08-13,27.9,24.8,33.8,0.0,,81.0,12.8,,1013.6,
2018-08-14,28.9,21.8,34.8,0.0,,76.0,11.4,,1013.2,
2018-08-15,27.4,22.8,30.8,2.5,,80.0,19.6,,1013.5,
2018-08-16,27.1,22.8,30.8,0.0,,84.0,17.9,,1013.5,
2018-08-17,27.7,22.8,31.8,0.8,,84.0,20.3,,1013.7,
2018-08-18,27.9,23.8,31.8,0.0,,80.0,21.3,,1014.5,
2018-08-19,26.5,23.8,30.8,0.0,,61.0,20.0,,1015.2,
2018-08-20,25.9,21.8,30.8,4.8,,60.0,12.7,,1013.3,
2018-08-21,26.9,21.8,31.8,0.0,,37.0,10.8,,1012.9,
2018-08-22,26.9,21.8,31.8,0.0,,68.0,10.9,,1014.2,
2018-08-23,27.3,21.8,33.8,,,83.0,10.9,,1013.4,
2018-08-24,27.4,22.8,31.8,0.0,,86.0,12.8,,1013.5,
2018-08-25,27.5,21.8,31.8,0.0,,93.0,9.2,,1014.2,
2018-08-26,30.2,22.8,36.8,0.0,,273.0,14.3,,1013.4,
2018-08-27,27.7,23.8,32.8,0.0,,77.0,18.0,,1013.6,
2018-08-28,25.3,22.8,28.8,0.0,,73.0,20.9,,1015.8,
2018-08-29,25.0,19.8,29.8,0.0,,72.0,13.1,,1015.4,
2018-08-30,25.4,19.8,29.8,0.0,,74.0,12.9,,1015.9,
2018-08-31,25.1,19.8,30.8,0.0,,78.0,13.7,,1016.7,
2018-09-01,27.1,19.8,34.8,0.0,,89.0,14.2,,1016.5,
2018-09-02,27.9,18.8,37.8,0.0,,123.0,12.2,,1015.4,
2018-09-03,30.6,24.8,37.8,0.0,,127.0,12.9,,1013.2,
2018-09-04,29.6,21.8,39.8,0.0,,101.0,14.2,,1013.0,
2018-09-05,31.5,22.8,40.8,0.0,,70.0,13.2,,1013.9,
2018-09-06,33.4,24.8,40.8,0.0,,223.0,15.3,,1012.2,
2018-09-07,29.0,24.8,34.8,0.0,,70.0,21.5,,1013.1,
2018-09-08,26.8,22.8,30.8,0.0,,76.0,24.4,,1016.3,
2018-09-09,27.1,22.8,31.8,0.0,,84.0,24.4,,1016.8,
2018-09-10,27.2,23.8,31.8,0.0,,74.0,21.0,,1017.6,
2018-09-11,27.3,23.8,31.8,0.0,,77.0,22.9,,1020.1,
2018-09-12,26.2,22.8,30.8,0.0,,78.0,14.6,,1020.0,
2018-09-13,25.9,20.8,31.8,0.0,,72.0,9.4,,1017.1,
2018-09-14,27.0,21.8,31.8,0.5,,74.0,9.7,,1016.6,
2018-09-15,26.0,22.8,29.8,0.0,,79.0,16.2,,1019.4,
2018-09-16,27.2,21.8,30.8,0.0,,82.0,16.5,,1020.7,
2018-09-17,27.7,19.8,33.8,,,101.0,11.1,,1019.4,
2018-09-18,27.4,21.8,32.8,,,99.0,10.0,,1018.1,
2018-09-19,28.1,20.8,33.8,0.0,,95.0,11.0,,1017.2,
2018-09-20,25.9,20.8,30.8,0.0,,75.0,17.7,,1015.7,
2018-09-21,23.5,18.8,28.8,22.9,,60.0,11.0,,1015.2,
2018-09-22,26.1,20.8,29.8,0.0,,42.0,13.0,,1018.5,
2018-09-23,24.3,19.8,27.8,0.0,,54.0,11.0,,1020.4,
2018-09-24,26.0,20.8,31.8,0.0,,38.0,8.0,,1018.8,
2018-09-25,25.2,21.8,28.8,0.0,,58.0,16.1,,1019.3,
2018-09-26,23.8,18.8,27.8,0.0,,38.0,21.9,,1020.6,
2018-09-27,19.3,15.8,22.8,,,23.0,25.8,,1021.9,
2018-09-28,20.3,13.8,25.8,0.0,,312.0,12.9,,1016.9,
2018-09-29,21.7,14.8,27.8,0.0,,270.0,7.4,,1016.1,
2018-09-30,23.7,14.8,29.8,0.0,,223.0,7.1,,1016.9,
2018-10-01,23.2,15.8,30.8,,,232.0,11.1,,1013.5,
2018-10-02,19.6,14.8,22.8,0.0,,57.0,19.0,,1012.6,
2018-10-03,17.9,12.8,22.8,5.1,,252.0,14.7,,1013.7,
2018-10-04,16.4,13.8,18.8,1.3,,185.0,11.0,,1014.4,
2018-10-05,19.6,12.8,25.8,5.1,,49.0,7.1,,1016.9,
2018-10-06,22.0,13.8,28.8,0.0,,209.0,7.9,,1018.1,
2018-10-07,26.5,15.8,30.8,0.0,,195.0,10.5,,1015.4,
2018-10-08,25.5,16.8,29.8,0.0,,110.0,11.6,,1014.0,
2018-10-09,24.9,20.7,28.8,0.0,,96.0,14.1,,1014.7,
2018-10-10,23.0,17.8,28.8,0.0,,97.0,19.0,,1015.2,
2018-10-11,25.4,19.8,31.8,3.8,,105.0,14.4,,1016.0,
2018-10-12,22.0,18.8,25.8,0.0,,122.0,11.5,,1018.8,
2018-10-13,21.0,17.8,24.8,0.3,,57.0,11.9,,1017.5,
2018-10-14,19.9,14.8,25.8,0.0,,323.0,8.6,,1013.5,
2018-10-15,22.6,15.8,29.8,0.0,,223.0,11.6,,1013.5,
2018-10-16,22.0,16.8,26.8,0.5,,82.0,11.1,,1013.3,
2018-10-17,23.2,18.8,29.8,0.8,,101.0,24.7,,1006.6,
2018-10-18,20.2,15.8,24.8,12.4,,233.0,23.5,,1005.8,
2018-10-19,20.0,13.8,26.8,0.0,,269.0,10.0,,1012.3,
2018-10-20,19.9,14.8,24.8,0.0,,61.0,8.9,,1018.1,
2018-10-21,21.5,18.8,25.8,0.0,,34.0,11.2,,1017.4,
2018-10-22,21.5,16.8,27.8,0.0,,234.0,13.7,,1014.3,
2018-10-23,18.9,14.8,23.8,,,348.0,17.8,,1016.5,
2018-10-24,17.7,12.8,23.8,0.0,,332.0,9.7,,1017.6,
2018-10-25,17.4,9.8,23.8,0.0,,83.0,7.4,,1019.4,
2018-10-26,17.7,9.8,26.8,0.0,,207.0,6.9,,1019.6,
2018-10-27,20.0,12.8,27.8,0.0,,195.0,11.5,,1013.3,
2018-10-28,23.5,15.8,28.8,0.5,,206.0,22.1,,1007.5,
2018-10-29,20.9,11.8,27.8,0.0,,227.0,37.0,,1005.8,
2018-10-30,13.5,5.8,19.8,0.0,,236.0,13.5,,1017.4,
2018-10-31,20.2,13.8,25.8,,,147.0,23.9,,1014.5,
2018-11-01,20.2,15.8,23.8,0.0,,156.0,19.3,,1015.4,
2018-11-02,18.6,15.8,22.8,0.0,,230.0,12.0,,1015.2,
2018-11-03,14.6,10.8,19.8,0.0,,259.0,11.5,,1012.7,
2018-11-04,14.4,7.8,20.8,11.7,,232.0,16.9,,1014.3,
2018-11-05,14.2,6.8,21.8,0.0,,240.0,11.4,,1015.3,
2018-11-06,15.4,8.8,22.8,0.0,,252.0,8.8,,1016.2,
2018-11-07,15.6,8.8,24.8,0.0,,244.0,8.8,,1019.4,
2018-11-08,15.2,7.8,22.8,,,243.0,11.6,,1021.4,
2018-11-09,15.5,6.8,23.8,0.0,,233.0,9.4,,1017.5,
2018-11-10,13.7,9.8,17.8,0.5,,9.0,13.9,,1014.6,
2018-11-11,14.4,6.8,20.8,0.0,,316.0,18.0,,1018.4,
2018-11-12,17.4,14.8,21.8,0.0,,47.0,19.0,,1021.3,
2018-11-13,17.6,13.8,22.8,0.0,,83.0,12.6,,1023.9,
2018-11-14,16.9,12.8,21.8,0.0,,80.0,13.5,,1023.4,
2018-11-15,15.7,10.8,22.8,0.0,,89.0,13.8,,1018.7,
2018-11-16,16.5,10.8,21.8,0.0,,63.0,15.3,,1013.7,
2018-11-17,14.4,12.8,17.6,0.0,,25.0,8.7,,1012.0,
2018-11-18,13.6,7.8,19.8,0.0,,241.0,9.5,,1011.3,
2018-11-19,17.3,8.8,23.8,0.0,,214.0,19.9,,1006.5,
2018-11-20,17.9,11.8,21.8,0.0,,238.0,30.9,,1009.2,
2018-11-21,15.1,7.8,21.8,0.0,,249.0,15.2,,1018.7,
2018-11-22,14.4,7.8,23.8,0.0,,253.0,11.6,,1021.6,
2018-11-23,15.1,5.8,24.8,0.0,,129.0,7.5,,1019.4,
2018-11-24,16.7,12.8,21.8,0.0,,242.0,10.9,,1015.6,
2018-11-25,14.6,10.8,18.8,1.0,,247.0,17.7,,1013.6,
2018-11-26,14.5,9.8,19.8,0.0,,235.0,26.9,,1013.0,
2018-11-27,13.3,6.8,18.8,0.0,,246.0,16.4,,1015.8,
2018-11-28,13.0,7.8,17.8,0.0,,248.0,19.6,,1020.6,
2018-11-29,11.3,5.8,18.8,0.0,,264.0,10.8,,1022.0,
2018-11-30,11.7,4.8,18.8,0.0,,246.0,16.2,,1020.0,
2018-12-01,11.6,7.8,17.8,1.5,,252.0,15.2,,1017.3,
2018-12-02,12.2,5.8,18.8,0.0,,265.0,12.8,,1020.5,
2018-12-03,11.6,4.8,17.8,0.0,,243.0,12.5,,1022.3,
2018-12-04,13.7,9.8,19.8,0.0,,232.0,21.9,,1021.6,
2018-12-05,12.2,4.8,20.8,0.0,,233.0,9.6,,1024.4,
2018-12-06,13.0,5.8,19.8,0.0,,244.0,16.1,,1023.6,
2018-12-07,13.5,6.8,18.8,0.0,,342.0,12.6,,1021.6,
2018-12-08,14.0,7.8,18.8,0.0,,288.0,10.2,,1023.7,
2018-12-09,13.2,6.8,18.8,0.0,,247.0,12.9,,1025.5,
2018-12-10,12.8,6.8,18.8,0.0,,245.0,16.7,,1024.0,
2018-12-11,10.6,2.8,17.8,0.0,,240.0,11.5,,1022.5,
2018-12-12,10.5,4.8,17.8,0.0,,254.0,14.8,,1020.5,
2018-12-13,11.3,2.8,17.8,0.0,,243.0,22.5,,1016.1,
2018-12-14,12.4,8.8,14.8,0.0,,237.0,32.7,,1009.3,
2018-12-15,11.2,7.8,16.8,1.0,,284.0,17.8,,1018.4,
2018-12-16,11.1,4.8,16.8,0.0,,240.0,21.8,,1024.5,
2018-12-17,12.2,7.8,18.8,0.0,,238.0,25.6,,1023.9,
2018-12-18,9.5,1.8,17.8,0.0,,230.0,7.8,,1028.0,
2018-12-19,9.4,1.8,16.8,0.0,,254.0,21.6,,1025.6,
2018-12-20,9.7,2.8,16.8,0.0,,242.0,13.8,,1024.8,
2018-12-21,9.6,3.8,15.8,0.0,,84.0,10.3,,1028.8,
2018-12-22,9.9,3.8,16.8,0.0,,300.0,6.0,,1031.5,
2018-12-23,10.0,2.8,17.8,0.0,,241.0,14.7,,1030.3,
2018-12-24,10.0,3.8,16.8,0.0,,244.0,21.2,,1027.5,
2018-12-25,11.7,7.8,17.8,0.0,,255.0,19.9,,1024.0,
2018-12-26,10.1,5.8,14.8,0.0,,42.0,14.6,,1028.8,
2018-12-27,7.4,1.8,14.8,0.0,,235.0,11.1,,1028.4,
2018-12-28,7.3,0.8,14.8,0.0,,259.0,12.3,,1026.2,
2018-12-29,7.1,-0.2,14.8,0.0,,185.0,7.8,,1026.1,
2018-12-30,6.5,-0.2,14.8,0.0,,209.0,5.7,,1025.2,
2018-12-31,8.4,-0.2,15.8,0.0,,307.0,10.8,,1024.3,
2019-01-01,9.2,1.8,16.8,0.0,,276.0,14.1,,1025.5,
2019-01-02,10.2,2.8,16.8,0.0,,250.0,23.9,,1022.3,
2019-01-03,8.0,2.8,13.8,0.0,,42.0,12.2,,1022.5,
2019-01-04,6.0,0.8,9.8,0.0,,341.0,6.7,,1026.7,
2019-01-05,7.2,0.8,11.8,0.0,,281.0,12.9,,1027.3,
2019-01-06,8.4,3.8,13.8,0.0,,233.0,23.9,,1024.7,
2019-01-07,8.5,2.8,14.8,0.0,,270.0,13.2,,1024.5,
2019-01-08,9.1,2.8,14.8,0.0,,242.0,13.6,,1025.3,
2019-01-09,9.0,4.8,14.8,0.0,,238.0,25.7,,1016.2,
2019-01-10,7.1,1.8,13.8,0.0,,251.0,15.7,,1011.4,
2019-01-11,5.0,2.8,6.8,5.1,,331.0,9.5,,1015.3,
2019-01-12,5.3,-0.2,10.8,0.3,,251.0,14.5,,1021.7,
2019-01-13,6.5,2.8,10.8,0.0,,235.0,20.4,,1022.8,
2019-01-14,9.3,4.8,13.8,0.0,,238.0,29.1,,1017.0,
2019-01-15,8.6,1.8,15.8,0.0,,252.0,10.2,,1018.4,
2019-01-16,11.2,6.1,16.8,0.0,,131.0,10.6,,1022.4,
2019-01-17,8.5,3.8,15.8,0.0,,95.0,7.5,,1017.8,
2019-01-18,8.7,1.8,14.8,0.0,,244.0,14.0,,1016.2,
2019-01-19,9.1,2.8,15.8,0.0,,247.0,14.0,,1015.4,
2019-01-20,9.0,2.8,15.8,0.0,,247.0,17.2,,1014.4,
2019-01-21,11.5,6.8,15.9,0.0,,236.0,26.3,,1011.0,
2019-01-22,7.8,3.8,10.8,0.0,,221.0,10.4,,1011.8,
2019-01-23,7.5,3.8,11.8,0.0,,235.0,25.6,,1004.4,
2019-01-24,8.9,5.8,12.8,0.0,,254.0,35.0,,996.1,
2019-01-25,8.4,4.8,13.8,0.0,,269.0,30.2,,1004.7,
2019-01-26,9.0,3.8,14.8,0.0,,283.0,19.7,,1013.5,
2019-01-27,9.5,1.8,15.8,0.0,,246.0,18.8,,1014.5,
2019-01-28,9.4,3.8,13.8,0.0,,260.0,13.0,,1008.8,
2019-01-29,9.1,4.8,14.2,0.0,,259.0,20.5,,1010.1,
2019-01-30,11.1,6.8,16.8,0.0,,240.0,22.6,,1009.7,
2019-01-31,11.6,4.8,15.8,0.0,,237.0,19.3,,1012.5,
2019-02-01,14.6,7.8,22.8,,,240.0,16.0,,1010.1,
2019-02-02,14.7,9.8,18.8,,,240.0,29.0,,1004.4,
2019-02-03,8.4,4.8,13.8,,,255.0,24.7,,1010.2,
2019-02-04,7.6,3.8,10.8,,,279.0,24.1,,1014.5,
2019-02-05,10.1,6.8,11.8,0.0,,311.0,28.3,,1015.4,
2019-02-06,9.5,2.8,15.8,0.0,,266.0,14.1,,1019.5,
2019-02-07,9.5,2.8,15.8,0.0,,253.0,11.0,,1021.1,
2019-02-08,10.2,2.8,17.8,,,255.0,14.0,,1022.3,
2019-02-09,10.8,3.8,18.8,0.0,,279.0,8.7,,1024.4,
2019-02-10,12.0,4.8,19.8,0.0,,253.0,18.6,,1025.3,
2019-02-11,13.9,9.8,20.8,0.0,,235.0,22.8,,1021.4,
2019-02-12,11.4,8.8,14.8,0.0,,41.0,18.9,,1024.5,
2019-02-13,9.8,2.8,15.8,0.0,,332.0,14.5,,1030.3,
2019-02-14,8.7,1.8,14.8,0.0,,358.0,12.2,,1031.7,
2019-02-15,9.2,0.8,16.8,0.0,,247.0,18.2,,1028.4,
2019-02-16,8.6,2.8,13.8,,,51.0,17.2,,1027.2,
2019-02-17,7.6,0.8,14.8,0.0,,93.0,8.8,,1029.0,
2019-02-18,10.4,4.8,16.8,0.0,,86.0,10.6,,1024.6,
2019-02-19,10.9,5.8,17.8,0.0,,83.0,16.8,,1020.6,
2019-02-20,11.4,6.8,15.8,0.0,,74.0,18.4,,1020.6,
2019-02-21,10.9,7.8,14.8,0.0,,67.0,16.2,,1026.0,
2019-02-22,10.1,5.8,15.8,0.0,,48.0,9.0,,1026.0,
2019-02-23,11.3,6.8,18.8,0.0,,322.0,20.3,,1019.2,
2019-02-24,8.3,3.8,12.8,0.5,,355.0,35.0,,1020.0,
2019-02-25,9.2,4.8,13.8,0.0,,26.0,26.4,,1024.4,
2019-02-26,7.7,2.8,11.8,0.5,,359.0,11.5,,1024.2,
2019-02-27,9.2,2.8,14.8,3.3,,40.0,8.2,,1025.0,
2019-02-28,9.1,1.8,14.8,0.0,,103.0,10.0,,1025.0,
2019-03-01,12.3,3.8,19.8,0.0,,250.0,19.7,,1022.0,
2019-03-02,14.5,8.8,22.8,0.0,,236.0,19.9,,1019.8,
2019-03-03,12.1,5.8,18.8,0.0,,96.0,10.1,,1022.3,
2019-03-04,11.9,3.8,19.8,0.0,,108.0,6.5,,1022.4,
2019-03-05,14.3,5.8,22.8,0.0,,248.0,18.6,,1020.2,
2019-03-06,15.9,6.8,24.8,0.0,,244.0,13.8,,1020.1,
2019-03-07,16.7,6.8,26.8,0.0,,242.0,11.7,,1017.6,
2019-03-08,13.7,8.8,18.8,0.0,,77.0,13.0,,1016.6,
2019-03-09,13.0,11.8,15.8,0.0,,65.0,23.9,,1024.5,
2019-03-10,12.6,9.8,16.8,0.0,,74.0,24.8,,1025.7,
2019-03-11,13.1,8.8,17.8,0.0,,69.0,18.2,,1021.7,
2019-03-12,13.5,3.8,20.8,0.0,,28.0,15.8,,1024.1,
2019-03-13,9.9,3.8,22.8,0.0,,242.0,16.1,,1021.2,
2019-03-14,14.3,9.8,19.8,0.0,,11.0,18.7,,1021.4,
2019-03-15,13.4,3.8,20.8,0.0,,245.0,18.1,,1023.0,
2019-03-16,18.1,5.8,23.8,0.0,,243.0,11.8,,1022.8,
2019-03-17,16.9,7.8,24.8,0.0,,244.0,17.9,,1018.5,
2019-03-18,16.3,7.8,26.8,0.0,,257.0,13.4,,1014.4,
2019-03-19,12.5,9.8,16.8,0.0,,72.0,23.6,,1015.6,
2019-03-20,12.3,8.8,17.8,0.0,,358.0,21.0,,1015.1,
2019-03-21,10.3,5.8,14.8,3.8,,235.0,16.8,,1013.4,
2019-03-22,10.4,7.8,13.8,0.5,,18.0,14.3,,1016.1,
2019-03-23,10.9,7.8,15.7,8.9,,25.0,9.1,,1019.7,
2019-03-24,12.9,8.8,17.8,0.0,,56.0,8.4,,1023.0,
2019-03-25,15.3,6.8,21.8,0.0,,249.0,15.6,,1019.6,
2019-03-26,17.4,9.8,22.8,0.0,,227.0,15.2,,1015.3,
2019-03-27,12.2,10.8,16.8,0.0,,42.0,21.9,,1017.1,
2019-03-28,12.8,7.8,17.8,2.3,,16.0,13.3,,1020.6,
2019-03-29,12.5,6.8,16.8,0.0,,46.0,12.2,,1025.1,
2019-03-30,13.1,6.8,18.8,0.0,,88.0,8.0,,1024.2,
2019-03-31,14.6,8.8,20.8,0.0,,134.0,12.5,,1017.0,
2019-04-01,11.5,9.8,13.8,14.0,,39.0,19.3,,1010.8,
2019-04-02,14.1,10.8,18.8,0.3,,23.0,8.6,,1016.9,
2019-04-03,16.2,8.8,23.8,0.0,,230.0,12.0,,1012.9,
2019-04-04,17.2,14.8,22.8,1.5,,161.0,16.2,,1003.7,
2019-04-05,13.9,11.8,15.8,3.6,,63.0,17.4,,1002.9,
2019-04-06,15.3,8.8,21.8,0.0,,96.0,12.5,,1007.1,
2019-04-07,15.2,10.8,19.8,0.0,,327.0,22.3,,1010.5,
2019-04-08,15.2,9.8,20.8,,,270.0,16.4,,1015.5,
2019-04-09,18.2,9.8,25.8,,,247.0,21.5,,1013.4,
2019-04-10,18.7,11.8,25.8,0.0,,173.0,16.0,,1011.6,
2019-04-11,15.6,10.8,19.8,0.0,,72.0,16.3,,1011.3,
2019-04-12,15.7,8.8,20.8,0.0,,334.0,11.3,,1014.0,
2019-04-13,16.1,8.8,21.8,0.0,,341.0,10.5,,1015.9,
2019-04-14,16.4,7.8,21.8,0.0,,251.0,15.4,,1017.4,
2019-04-15,18.3,12.8,27.8,0.0,,242.0,25.7,,1016.4,
2019-04-16,17.1,10.8,24.8,0.0,,85.0,19.6,,1017.3,
2019-04-17,16.7,12.8,21.8,0.0,,77.0,21.2,,1017.5,
2019-04-18,16.9,11.8,23.8,0.0,,81.0,26.7,,1016.3,
2019-04-19,17.4,13.8,21.8,0.0,,77.0,31.5,,1016.4,
2019-04-20,17.7,13.8,22.8,0.0,,75.0,34.9,,1012.0,
2019-04-21,19.3,14.8,26.4,0.0,,41.0,13.3,,1003.3,
2019-04-22,26.4,19.8,30.8,,,221.0,33.6,,1000.2,
2019-04-23,22.5,13.8,29.8,0.0,,229.0,14.1,,1006.6,
2019-04-24,19.4,16.8,24.8,0.0,,68.0,19.4,,1010.3,
2019-04-25,19.6,15.8,25.8,0.0,,72.0,18.3,,1014.9,
2019-04-26,18.3,15.8,23.8,0.0,,74.0,22.3,,1017.0,
2019-04-27,17.5,12.8,22.8,0.0,,78.0,21.9,,1020.8,
2019-04-28,16.4,10.8,20.8,0.0,,85.0,16.9,,1021.0,
2019-04-29,18.8,9.8,27.8,0.0,,96.0,10.4,,1016.4,
2019-04-30,15.7,11.8,19.8,0.0,,76.0,22.3,,1014.8,
2019-05-01,16.1,12.8,19.8,,,78.0,18.9,,1015.3,
2019-05-02,18.1,9.8,25.8,0.0,,83.0,16.9,,1015.1,
2019-05-03,19.4,16.8,25.1,0.0,,64.0,18.7,,1006.2,
2019-05-04,19.3,14.8,24.8,0.5,,49.0,17.4,,1004.3,
2019-05-05,18.2,12.8,22.8,0.0,,90.0,14.3,,1012.4,
2019-05-06,18.1,13.8,22.8,0.0,,75.0,19.7,,1017.2,
2019-05-07,17.8,11.8,23.8,0.0,,91.0,25.4,,1019.6,
2019-05-08,19.2,12.8,26.8,0.0,,75.0,16.4,,1017.0,
2019-05-09,22.7,12.8,36.8,0.0,,89.0,17.0,,1011.7,
2019-05-10,23.6,17.8,29.8,0.0,,97.0,21.1,,1014.7,
2019-05-11,24.0,16.8,30.8,0.0,,78.0,17.1,,1015.4,
2019-05-12,20.7,16.8,25.8,0.0,,81.0,24.0,,1014.5,
2019-05-13,19.2,14.8,23.8,0.0,,351.0,14.8,,1013.3,
2019-05-14,17.9,11.8,22.8,0.0,,37.0,11.6,,1013.8,
2019-05-15,21.0,12.8,26.8,0.0,,161.0,14.2,,1012.3,
2019-05-16,19.4,14.8,23.8,0.0,,89.0,19.8,,1010.3,
2019-05-17,21.8,12.8,34.8,0.0,,101.0,14.2,,1007.6,
2019-05-18,19.5,14.8,23.8,0.0,,66.0,21.6,,1006.3,
2019-05-19,19.5,13.8,27.8,0.0,,93.0,14.8,,1009.5,
2019-05-20,18.7,14.8,22.8,0.0,,70.0,20.3,,1013.2,
2019-05-21,19.1,13.8,24.8,0.0,,101.0,21.0,,1016.1,
2019-05-22,19.9,14.8,24.8,0.0,,93.0,20.1,,1016.3,
2019-05-23,20.1,14.8,25.8,0.0,,81.0,19.1,,1017.9,
2019-05-24,22.7,14.8,30.8,0.0,,88.0,18.1,,1013.7,
2019-05-25,21.1,17.8,23.8,6.4,,52.0,17.6,,1009.5,
2019-05-26,19.4,16.8,23.8,5.6,,358.0,11.1,,1007.8,
2019-05-27,21.1,11.8,27.8,0.0,,253.0,15.4,,1010.8,
2019-05-28,22.6,15.8,27.8,0.0,,84.0,11.4,,1014.2,
2019-05-29,23.0,15.8,31.8,0.0,,9.0,16.7,,1014.9,
2019-05-30,18.9,16.8,21.8,0.0,,72.0,30.8,,1020.1,
2019-05-31,18.1,15.8,20.8,0.0,,73.0,24.9,,1020.5,
2019-06-01,18.4,13.8,23.8,0.0,,67.0,19.4,,1019.6,
